games,discipline_raw,venue,date,start,end,event_raw,session_code
Paris 2024,Archery,Invalides,2024-07-25,09:30:00,12:30:00,Women's Individual Ranking Round,ARC01
Paris 2024,Archery,Invalides,2024-07-25,14:15:00,17:15:00,Men's Individual Ranking Round,ARC02
Paris 2024,Archery,Invalides,2024-07-28,09:30:00,11:05:00,Women's Team 1/8 Eliminations,ARC03
Paris 2024,Archery,Invalides,2024-07-28,14:15:00,17:55:00,Women's Team Quarterfinals / Women's Team Semifinals / Women's Team Bronze Medal Match / Women's Team Gold Medal Match,ARC04
Paris 2024,Archery,Invalides,2024-07-29,09:30:00,11:05:00,Men's Team 1/8 Eliminations,ARC05
Paris 2024,Archery,Invalides,2024-07-29,14:15:00,17:55:00,Men's Team Quarterfinals / Men's Team Semifinals / Men's Team Bronze Medal Match / Men's Team Gold Medal Match,ARC06
Paris 2024,Archery,Invalides,2024-07-30,12:00:00,15:55:00,Men's Individual 1/32 Eliminations / Women's Individual 1/32 Eliminations / Men's Individual 1/16 Eliminations / Women's Individual 1/16 Eliminations,ARC07
Paris 2024,Archery,Invalides,2024-07-30,17:45:00,20:25:00,Men's Individual 1/32 Eliminations / Women's Individual 1/32 Eliminations / Men's Individual 1/16 Eliminations / Women's Individual 1/16 Eliminations,ARC08
Paris 2024,Archery,Invalides,2024-07-31,12:00:00,15:55:00,Men's Individual 1/32 Eliminations / Women's Individual 1/32 Eliminations / Men's Individual 1/16 Eliminations / Women's Individual 1/16 Eliminations,ARC09
Paris 2024,Archery,Invalides,2024-07-31,17:45:00,20:25:00,Men's Individual 1/32 Eliminations / Women's Individual 1/32 Eliminations / Men's Individual 1/16 Eliminations / Women's Individual 1/16 Eliminations,ARC10
Paris 2024,Archery,Invalides,2024-08-01,09:30:00,13:25:00,Men's Individual 1/32 Eliminations / Women's Individual 1/32 Eliminations / Men's Individual 1/16 Eliminations / Women's Individual 1/16 Eliminations,ARC11
Paris 2024,Archery,Invalides,2024-08-01,15:30:00,19:25:00,Men's Individual 1/32 Eliminations / Women's Individual 1/32 Eliminations / Men's Individual 1/16 Eliminations / Women's Individual 1/16 Eliminations,ARC12
Paris 2024,Archery,Invalides,2024-08-02,09:30:00,12:05:00,Mixed Team 1/8 Eliminations,ARC13
Paris 2024,Archery,Invalides,2024-08-02,14:15:00,17:25:00,Mixed Team Quarterfinals / Mixed Team Semifinals / Mixed Team Bronze Medal Match / Mixed Team Gold Medal Match,ARC14
Paris 2024,Archery,Invalides,2024-08-03,09:30:00,11:15:00,Women's Individual: 1/8 Eliminations,ARC15
Paris 2024,Archery,Invalides,2024-08-03,13:00:00,15:20:00,Women's Individual Quarterfinals / Women's Individual Semifinals / Women's Individual Bronze Medal Match / Women's Individual Gold Medal Match,ARC16
Paris 2024,Archery,Invalides,2024-08-04,09:30:00,11:15:00,Men's Individual: 1/8 Eliminations,ARC17
Paris 2024,Archery,Invalides,2024-08-04,13:00:00,15:20:00,Men's Individual Quarterfinals / Men's Individual Semifinals / Men's Individual Bronze Medal Match / Men's Individual Gold Medal Match / later stage.,ARC18
Paris 2024,Athletics,Trocadéro,2024-08-01,07:30:00,11:05:00,Men's 20km Race Walk Final / Women's 20km Race Walk Final,ATH01
Paris 2024,Athletics,Stade de France,2024-08-02,10:00:00,13:00:00,Men's Decathlon 100m / Men's Hammer Throw Qualification / Women's High Jump Qualification / Women's 100m Preliminary Round / Men's Decathlon Long Jump / Men's 1500m Round 1 / Women's 100m Round 1 / Men's Decathlon Shot Put,ATH02
Paris 2024,Athletics,Stade de France,2024-08-02,17:40:00,22:00:00,"Men's Decathlon High Jump / Women's 5 000m Round 1 / Women's Triple Jump Qualification / Women's Discus Throw Qualification A / 4 x 400m Relay Mixed Round 1 / Women's 800m Round 1 / Men's Shot Put Qualification / Women's Discus Throw Qualification B / Men's Decathlon 400m / Men's 10,000m Final",ATH03
Paris 2024,Athletics,Stade de France,2024-08-03,10:00:00,16:00:00,Men's Decathlon 110m Hurdles / Men's Pole Vault Qualification / Men's 100m Preliminary Round / Men's Decathlon Discus Throw A / Women's 800m Repêchages / Men's 100m Round 1 / Men's Decathlon Discus Throw B / Men's Decathlon Pole Vault,ATH04
Paris 2024,Athletics,Stade de France,2024-08-03,19:00:00,22:00:00,Men's Decathlon Javelin Throw / Men's 1500m Repêchages / Men's Shot Put Final / Women's 100m Semi-Finals / Women's Triple Jump Final / 4 x 400m Relay Mixed Final / Women's 100m Final / Men's Decathlon 1500m,ATH05
Paris 2024,Athletics,Stade de France,2024-08-04,10:00:00,13:15:00,Women's 3000m Steeplechase Round 1 / Women's Hammer Throw Qualification / Women's 200m Round 1 / Men's Long Jump Qualification / Men's 110m Hurdles Round 1 / Women's 400m Hurdles Round 1,ATH06
Paris 2024,Athletics,Stade de France,2024-08-04,18:30:00,22:00:00,Men's 400m Round 1 / Women's High Jump Final / Men's 100m Semi-Finals / Men's Hammer Throw Final / Women's 800m Semi-Finals / Men's 1500m Semi-Finals / Men's 100m Final,ATH07
Paris 2024,Athletics,Stade de France,2024-08-05,10:00:00,13:15:00,Men's 400m Hurdles Round 1 / Men's Discus Throw Qualification / Women's Pole Vault Qualification / Women's 400m Hurdles Repêchages / Men's 400m Repêchages / Women's 400m Round 1 / Women's 200m Repêchages,ATH08
Paris 2024,Athletics,Stade de France,2024-08-05,18:30:00,22:00:00,Men's Pole Vault Final / Men's 3000m Steeplechase Round 1 / Men's 200m Round 1 / Women's Discus Throw Final / Women's 200m Semi-Finals / Women's 5000m Final / Women's 800m Final,ATH09
Paris 2024,Athletics,Stade de France,2024-08-06,10:00:00,13:00:00,Women's 1500m Round 1 / Men's Javelin Throw Qualification A / Men's 110m Hurdles Repêchages / Women's Long Jump Qualification / Women's 400m Repêchages / Men's Javelin Throw Qualification B / Men's 400m Hurdles Repêchages / Men's 200m Repêchages,ATH10
Paris 2024,Athletics,Stade de France,2024-08-06,19:00:00,22:00:00,Men's 400m Semi-Finals / Women's Hammer Throw Final / Women's 400m Hurdles Semi-Finals / Men's Long Jump Final / Men's 1500m Final / Women's 3000 steeplechase Final / Women's 200m Final,ATH11
Paris 2024,Athletics,Trocadéro,2024-08-07,07:30:00,10:50:00,Marathon Race Walk Mixed Relay,ATH12
Paris 2024,Athletics,Stade de France,2024-08-07,10:00:00,13:05:00,Men's High Jump Qualification / Women's 100m Hurdles Round 1 / Women's Javelin Throw Qualification / Men's 5000m Round 1 / Men's 800m Round 1 / Women's 1500m Repêchages,ATH13
Paris 2024,Athletics,Stade de France,2024-08-07,18:30:00,22:00:00,Women's Pole Vault Final / Men's 110m Hurdles Semi-Finals / Men's Triple Jump Qualification / Men's 400m Hurdles Semi-Finals / Men's 200m Semi-Finals / Men's Discus Throw Final / Women's 400m Semi-Finals / Men's 400m Final / Men's 3000m Steeplechase Final,ATH14
Paris 2024,Athletics,Stade de France,2024-08-08,10:00:00,13:00:00,Women's Heptathlon 100m Hurdles / Women's Shot Put Qualification / Women's 100m Hurdles Repêchages / Women's Heptathlon High Jump / Women's 4 x 100m Relay Round 1 / Men's 4 x 100m Relay Round 1 / Men's 800m Repêchages,ATH15
Paris 2024,Athletics,Stade de France,2024-08-08,19:00:00,22:00:00,Women's Heptathlon Shot Put / Women's 1500m Semi-Finals / Women's Long Jump Final / Men's Javelin Throw Final / Men's 200m Final / Women's Heptathlon 200m / Women's 400m Hurdles Final / Men's 110m Hurdles Final,ATH16
Paris 2024,Athletics,Stade de France,2024-08-09,10:00:00,13:15:00,Women's Heptathlon Long Jump / Women's 4 x 400m Relay Round 1 / Men's 4 x 400m Relay Round 1 / Women's Heptathlon Javelin Throw / Men's 800m Semi-Finals / Women's 100m Hurdles Semi-Finals,ATH17
Paris 2024,Athletics,Stade de France,2024-08-09,19:00:00,22:30:00,"Women's 4 x 100m Relay Final / Women's Shot Put Final / Men's 4 x 100m Relay Final / Women's 400m Final / Men's Triple Jump Final / Women's Heptathlon 800m / Women's 10,000m Final / Men's 400m Hurdles Final",ATH18
Paris 2024,Athletics,Hôtel de Ville (Start Venue) - Invalides (Finish Venue),2024-08-10,08:00:00,11:00:00,Men's Marathon Final,ATH19
Paris 2024,Athletics,Stade de France,2024-08-10,18:30:00,22:30:00,Men's High Jump Final / Men's 800m Final / Women's Javelin Throw Final / Women's 100m Hurdles Final / Men's 5000m Final / Women's 1500m Final / Men's 4 x 400m Relay Final / Women's 4 x 400m Relay Final,ATH20
Paris 2024,Athletics,Hôtel de Ville (Start Venue) - Invalides (Finish Venue),2024-08-11,08:00:00,11:15:00,"Women's Marathon Final / Note that the events schedule below is subject to change as there will be a daily process to decide on order of play depending on player rest time, TV requests / and other considerations (which obviously is not possible to forecast at this point)",ATH21
Paris 2024,Badminton,Porte de la Chapelle Arena,2024-07-27,08:30:00,12:00:00,Mixed Doubles Group Play Stage / Women's Singles Group Play Stage / Men's Doubles Group Play Stage / Women's Doubles Group Play Stage / Men's Singles Group Play Stage,BDM01
Paris 2024,Badminton,Porte de la Chapelle Arena,2024-07-27,14:00:00,17:30:00,Mixed Doubles Group Play Stage / Women's Singles Group Play Stage / Men's Doubles Group Play Stage / Women's Doubles Group Play Stage / Men's Singles Group Play Stage,BDM02
Paris 2024,Badminton,Porte de la Chapelle Arena,2024-07-27,19:30:00,23:00:00,Women's Singles Group Play Stage / Men's Doubles Group Play Stage / Women's Doubles Group Play Stage / Men's Singles Group Play Stage,BDM03
Paris 2024,Badminton,Porte de la Chapelle Arena,2024-07-28,08:30:00,12:00:00,Mixed Doubles Group Play Stage / Women's Singles Group Play Stage / Men's Doubles Group Play Stage / Women's Doubles Group Play Stage / Men's Singles Group Play Stage,BDM04
Paris 2024,Badminton,Porte de la Chapelle Arena,2024-07-28,14:00:00,17:30:00,Mixed Doubles Group Play Stage / Men's Doubles Group Play Stage / Women's Doubles Group Play Stage / Women's Singles Group Play Stage / Men's Singles Group Play Stage,BDM05
Paris 2024,Badminton,Porte de la Chapelle Arena,2024-07-28,19:30:00,23:00:00,Mixed Doubles Group Play Stage / Men's Doubles Group Play Stage / Women's Singles Group Play Stage / Women's Doubles Group Play Stage / Men's Singles Group Play Stage,BDM06
Paris 2024,Badminton,Porte de la Chapelle Arena,2024-07-29,08:30:00,12:00:00,Mixed Doubles Group Play Stage / Men's Doubles Group Play Stage / Women's Singles Group Play Stage / Women's Doubles Group Play Stage / Men's Singles Group Play Stage,BDM07
Paris 2024,Badminton,Porte de la Chapelle Arena,2024-07-29,14:00:00,17:30:00,Mixed Doubles Group Play Stage / Men's Doubles Group Play Stage / Women's Doubles Group Play Stage / Women's Singles Group Play Stage / Men's Singles Group Play Stage,BDM08
Paris 2024,Badminton,Porte de la Chapelle Arena,2024-07-29,19:30:00,23:00:00,Mixed Doubles Group Play Stage / Women's Singles Group Play Stage / Men's Doubles Group Play Stage / Women's Doubles Group Play Stage / Men's Singles Group Play Stage,BDM09
Paris 2024,Badminton,Porte de la Chapelle Arena,2024-07-30,08:30:00,12:00:00,Women's Singles Group Play Stage / Men's Doubles Group Play Stage / Women's Doubles Group Play Stage / Men's Singles Group Play Stage,BDM10
Paris 2024,Badminton,Porte de la Chapelle Arena,2024-07-30,14:00:00,17:30:00,Men's Doubles Group Play Stage / Women's Doubles Group Play Stage / Women's Singles Group Play Stage / Men's Singles Group Play Stage,BDM11
Paris 2024,Badminton,Porte de la Chapelle Arena,2024-07-30,19:30:00,23:00:00,Women's Singles Group Play Stage / Men's Doubles Group Play Stage / Women's Doubles Group Play Stage / Men's Singles Group Play Stage,BDM12
Paris 2024,Badminton,Porte de la Chapelle Arena,2024-07-31,08:30:00,12:00:00,Women's Singles Group Play Stage / Men's Singles Group Play Stage,BDM13
Paris 2024,Badminton,Porte de la Chapelle Arena,2024-07-31,14:00:00,17:30:00,Women's Singles Group Play Stage / Men's Singles Group Play Stage,BDM14
Paris 2024,Badminton,Porte de la Chapelle Arena,2024-07-31,19:30:00,23:00:00,Women's Singles Group Play Stage / Men's Singles Group Play Stage / Mixed Doubles Quarterfinals,BDM15
Paris 2024,Badminton,Porte de la Chapelle Arena,2024-08-01,08:30:00,11:00:00,Women's Doubles Quarterfinals / Men's Singles Round of 16,BDM16
Paris 2024,Badminton,Porte de la Chapelle Arena,2024-08-01,13:00:00,16:30:00,Men's Doubles Quarterfinals / Men's Singles Round of 16,BDM17
Paris 2024,Badminton,Porte de la Chapelle Arena,2024-08-01,18:30:00,22:00:00,Women's Singles Round of 16 / Mixed Doubles Semi-finals,BDM18
Paris 2024,Badminton,Porte de la Chapelle Arena,2024-08-02,08:30:00,13:00:00,Women's Doubles Semi-finals / Men's Doubles Semi-finals,BDM19
Paris 2024,Badminton,Porte de la Chapelle Arena,2024-08-02,15:00:00,22:30:00,Mixed Doubles Bronze Medal Match / Mixed Doubles Gold Medal Match / Men's Singles Quarterfinals,BDM20
Paris 2024,Badminton,Porte de la Chapelle Arena,2024-08-03,08:30:00,13:00:00,Women's Singles Quarterfinals / Women's Singles Quarterfinals / Women's Singles Quarterfinals / Women's Singles Quarterfinals,BDM21
Paris 2024,Badminton,Porte de la Chapelle Arena,2024-08-03,15:00:00,17:30:00,Women's Doubles Bronze Medal Match / Women's Doubles Gold Medal Match,BDM22
Paris 2024,Badminton,Porte de la Chapelle Arena,2024-08-04,08:30:00,13:00:00,Women's Singles Semi-finals / Men's Singles Semi-finals,BDM23
Paris 2024,Badminton,Porte de la Chapelle Arena,2024-08-04,15:00:00,17:30:00,Men's Doubles Bronze Medal Match / Men's Doubles Gold Medal Match,BDM24
Paris 2024,Badminton,Porte de la Chapelle Arena,2024-08-05,09:45:00,12:30:00,Women's Singles Bronze Medal Match / Women's Singles Gold Medal Match,BDM25
Paris 2024,Badminton,Porte de la Chapelle Arena,2024-08-05,14:30:00,17:30:00,Men's Singles Bronze Medal Match / Men's Singles Gold Medal Match / BASKETBALL 3x3,BDM26
Paris 2024,3x3 Basketball,La Concorde 1,2024-07-30,17:30:00,19:30:00,Women's Pool round (2 matches) / Men's Pool round (2 matches),BK301
Paris 2024,3x3 Basketball,La Concorde 1,2024-07-30,21:00:00,23:00:00,Women's Pool round (2 matches) / Men's Pool round (2 matches),BK302
Paris 2024,3x3 Basketball,La Concorde 1,2024-07-31,17:30:00,19:30:00,Women's Pool round (2 matches) / Men's Pool round (2 matches),BK303
Paris 2024,3x3 Basketball,La Concorde 1,2024-07-31,21:00:00,23:00:00,Women's Pool round (2 matches) / Men's Pool round (2 matches),BK304
Paris 2024,3x3 Basketball,La Concorde 1,2024-08-01,09:00:00,11:00:00,Women's Pool round (2 matches) / Men's Pool round (2 matches),BK305
Paris 2024,3x3 Basketball,La Concorde 1,2024-08-01,12:30:00,14:30:00,Women's Pool round (2 matches) / Men's Pool round (2 matches),BK306
Paris 2024,3x3 Basketball,La Concorde 1,2024-08-01,18:00:00,20:00:00,Women's Pool round (2 matches) / Men's Pool round (2 matches),BK307
Paris 2024,3x3 Basketball,La Concorde 1,2024-08-01,21:30:00,23:30:00,Women's Pool round (2 matches) / Men's Pool round (2 matches),BK308
Paris 2024,3x3 Basketball,La Concorde 1,2024-08-02,09:00:00,11:00:00,Women's Pool round (2 matches) / Men's Pool round (2 matches) / BASKETBALL 3x3,BK309
Paris 2024,3x3 Basketball,La Concorde 1,2024-08-02,12:30:00,14:30:00,Women's Pool round (2 matches) / Men's Pool round (2 matches),BK310
Paris 2024,3x3 Basketball,La Concorde 1,2024-08-02,17:30:00,19:30:00,Women's Pool round (2 matches) / Men's Pool round (2 matches),BK311
Paris 2024,3x3 Basketball,La Concorde 1,2024-08-02,21:00:00,23:00:00,Women's Pool round (2 matches) / Men's Pool round (2 matches),BK312
Paris 2024,3x3 Basketball,La Concorde 1,2024-08-03,17:30:00,19:30:00,Women's Pool round (4 matches),BK313
Paris 2024,3x3 Basketball,La Concorde 1,2024-08-03,21:30:00,22:30:00,Women's play in (2 matches),BK314
Paris 2024,3x3 Basketball,La Concorde 1,2024-08-04,17:30:00,19:30:00,Men's Pool round (4 matches),BK315
Paris 2024,3x3 Basketball,La Concorde 1,2024-08-04,21:30:00,22:30:00,Men's play in (2 matches),BK316
Paris 2024,3x3 Basketball,La Concorde 1,2024-08-05,17:30:00,19:30:00,Women's and Men's Semifinals,BK317
Paris 2024,3x3 Basketball,La Concorde 1,2024-08-05,21:00:00,23:20:00,Women's Bronze medal game / Men's Bronze medal game / Women's Gold medal game / Men's Gold medal game / *Pending final confirmation,BK318
Paris 2024,Basketball,Pierre Mauroy Stadium*,2024-07-27,11:00:00,15:15:00,"Men, group phase (2 matches)",BKB01
Paris 2024,Basketball,Pierre Mauroy Stadium*,2024-07-27,17:15:00,19:00:00,"Men, group phase",BKB02
Paris 2024,Basketball,Pierre Mauroy Stadium*,2024-07-27,21:00:00,22:45:00,"Men, group phase",BKB03
Paris 2024,Basketball,Pierre Mauroy Stadium*,2024-07-28,11:00:00,15:15:00,"Men or Women, group phase (2 matches)",BKB04
Paris 2024,Basketball,Pierre Mauroy Stadium*,2024-07-28,17:15:00,19:00:00,"Men or Women, group phase",BKB05
Paris 2024,Basketball,Pierre Mauroy Stadium*,2024-07-28,21:00:00,22:45:00,"Men or Women, group phase",BKB06
Paris 2024,Basketball,Pierre Mauroy Stadium*,2024-07-29,11:00:00,15:15:00,"Women, group phase (2 matches)",BKB07
Paris 2024,Basketball,Pierre Mauroy Stadium*,2024-07-29,17:15:00,19:00:00,"Women, group phase",BKB08
Paris 2024,Basketball,Pierre Mauroy Stadium*,2024-07-29,21:00:00,22:45:00,"Women, group phase",BKB09
Paris 2024,Basketball,Pierre Mauroy Stadium*,2024-07-30,11:00:00,15:15:00,"Men,group phase (2 matches)",BKB10
Paris 2024,Basketball,Pierre Mauroy Stadium*,2024-07-30,17:15:00,19:00:00,"Men, group phase",BKB11
Paris 2024,Basketball,Pierre Mauroy Stadium*,2024-07-30,21:00:00,22:45:00,"Men, group phase",BKB12
Paris 2024,Basketball,Pierre Mauroy Stadium*,2024-07-31,11:00:00,15:15:00,"Men or Women, group phase (2 matches)",BKB13
Paris 2024,Basketball,Pierre Mauroy Stadium*,2024-07-31,17:15:00,19:00:00,"Men or Women, group phase",BKB14
Paris 2024,Basketball,Pierre Mauroy Stadium*,2024-07-31,21:00:00,22:45:00,"Men or Women, group phase",BKB15
Paris 2024,Basketball,Pierre Mauroy Stadium*,2024-08-01,11:00:00,15:15:00,"Women, group phase (2 matches)",BKB16
Paris 2024,Basketball,Pierre Mauroy Stadium*,2024-08-01,17:15:00,19:00:00,"Women, group phase",BKB17
Paris 2024,Basketball,Pierre Mauroy Stadium*,2024-08-01,21:00:00,22:45:00,"Women, group phase",BKB18
Paris 2024,Basketball,Pierre Mauroy Stadium,2024-08-02,11:00:00,15:15:00,"Men,group phase (2 matches)",BKB19
Paris 2024,Basketball,Pierre Mauroy Stadium*,2024-08-02,17:15:00,19:00:00,"Men, group phase",BKB20
Paris 2024,Basketball,Pierre Mauroy Stadium*,2024-08-02,21:00:00,22:45:00,"Men, group phase",BKB21
Paris 2024,Basketball,Pierre Mauroy Stadium*,2024-08-03,11:00:00,15:15:00,"Men or Women, group phase (2 matches)",BKB22
Paris 2024,Basketball,Pierre Mauroy Stadium*,2024-08-03,17:15:00,19:00:00,"Men, group phase",BKB23
Paris 2024,Basketball,Pierre Mauroy Stadium*,2024-08-03,21:00:00,22:45:00,"Men or Women, group phase",BKB24
Paris 2024,Basketball,Pierre Mauroy Stadium*,2024-08-04,11:00:00,15:15:00,"Women, group phase (2 matches)",BKB25
Paris 2024,Basketball,Pierre Mauroy Stadium*,2024-08-04,17:15:00,19:00:00,"Women, group phase",BKB26
Paris 2024,Basketball,Pierre Mauroy Stadium*,2024-08-04,21:00:00,22:45:00,"Women, group phase",BKB27
Paris 2024,Basketball,Bercy Arena,2024-08-06,11:00:00,13:00:00,Men's Quarter-final,BKB28
Paris 2024,Basketball,Bercy Arena,2024-08-06,14:30:00,16:30:00,Men's Quarter-final,BKB29
Paris 2024,Basketball,Bercy Arena,2024-08-06,18:00:00,20:00:00,Men's Quarter-final,BKB30
Paris 2024,Basketball,Bercy Arena,2024-08-06,21:30:00,23:30:00,Men's Quarter-final,BKB31
Paris 2024,Basketball,Bercy Arena,2024-08-07,11:00:00,13:00:00,Women's Quarter-final,BKB32
Paris 2024,Basketball,Bercy Arena,2024-08-07,14:30:00,16:30:00,Women's Quarter-final,BKB33
Paris 2024,Basketball,Bercy Arena,2024-08-07,18:00:00,20:00:00,Women's Quarter-final,BKB34
Paris 2024,Basketball,Bercy Arena,2024-08-07,21:30:00,23:30:00,Women's Quarter-final,BKB35
Paris 2024,Basketball,Bercy Arena,2024-08-08,17:30:00,19:30:00,Men's Semi-final,BKB36
Paris 2024,Basketball,Bercy Arena,2024-08-08,21:00:00,23:00:00,Men's Semi-final,BKB37
Paris 2024,Basketball,Bercy Arena,2024-08-09,17:30:00,19:30:00,Women's Semi-final,BKB38
Paris 2024,Basketball,Bercy Arena,2024-08-09,21:00:00,23:00:00,Women's Semi-final,BKB39
Paris 2024,Basketball,Bercy Arena,2024-08-10,11:00:00,13:00:00,Men's Bronze Medal Match,BKB40
Paris 2024,Basketball,Bercy Arena,2024-08-10,21:30:00,00:00:00,Men's Gold Medal Match,BKB41
Paris 2024,Basketball,Bercy Arena,2024-08-11,11:30:00,13:30:00,Women's Bronze Medal Match,BKB42
Paris 2024,Basketball,Bercy Arena,2024-08-11,15:30:00,18:00:00,Women's Gold Medal Match,BKB43
Paris 2024,BMX Freestyle,La Concorde,2024-07-30,13:25:00,16:30:00,Women's Park Qualification / Men's Park Qualification,BMF01
Paris 2024,BMX Freestyle,La Concorde,2024-07-31,13:10:00,16:30:00,Women's Park Final / Men's Park Final,BMF02
Paris 2024,BMX Racing,Saint-Quentin-en-Yvelines BMX Stadium,2024-08-01,20:00:00,22:20:00,"Men, Quarterfinals / Women, Quarterfinals / Men, Last Chance Race / Women, Last Chance Race",BMX01
Paris 2024,BMX Racing,Saint-Quentin-en-Yvelines BMX Stadium,2024-08-02,20:00:00,22:30:00,"Men, Semifinals / Women, Semifinals / Men, Final / Women, Final",BMX02
Paris 2024,Boxing,North Paris Arena*,2024-07-27,15:30:00,17:55:00,Women's 54kg Round of 32 Bout 1 / Women's 54kg Round of 32 Bout 2 / Women's 54kg Round of 32 Bout 3 / Women's 60kg Round of 32 Bout 1 / Women's 60kg Round of 32 Bout 2 / Women's 60kg Round of 32 Bout 3 / Men's 63.5kg Round of 32 Bout 1 / Men's 63.5kg Round of 32 Bout 2 / Men's 80kg Round of 32 Bout 1,BOX01
Paris 2024,Boxing,North Paris Arena*,2024-07-27,20:00:00,22:25:00,Women's 54kg Round of 32 Bout 4 / Women's 54kg Round of 32 Bout 5 / Women's 54kg Round of 32 Bout 6 / Women's 60kg Round of 32 Bout 4 / Women's 60kg Round of 32 Bout 5 / Women's 60kg Round of 32 Bout 6 / Men's 63.5kg Round of 32 Bout 3 / Men's 63.5kg Round of 32 Bout 4 / Men's 80kg Round of 32 Bout 2,BOX02
Paris 2024,Boxing,North Paris Arena*,2024-07-28,11:00:00,13:10:00,Men's 57kg Round of 32 Bout 1 / Men's 71kg Round of 32 Bout 1 / Men's 71kg Round of 32 Bout 2 / Men's 92kg Round of 16 Bout 1 / Men's 92kg Round of 16 Bout 2 / Women's 50kg Round of 32 Bout 1 / Women's 50kg Round of 32 Bout 2 / Women's 66kg Round of 32 Bout 1,BOX03
Paris 2024,Boxing,North Paris Arena*,2024-07-28,15:30:00,17:40:00,Men's 57kg Round of 32 Bout 2 / Men's 71kg Round of 32 Bout 3 / Men's 92kg Round of 16 Bout 3 / Men's 92kg Round of 16 Bout 4 / Men's 92kg Round of 16 Bout 5 / Women's 50kg Round of 32 Bout 3 / Women's 50kg Round of 32 Bout 4 / Women's 66kg Round of 32 Bout 2,BOX04
Paris 2024,Boxing,North Paris Arena*,2024-07-28,20:00:00,22:10:00,Men's 71kg Round of 32 Bout 4 / Men's 92kg Round of 16 Bout 6 / Men's 92kg Round of 16 Bout 7 / Men's 92kg Round of 16 Bout 8 / Women's 50kg Round of 32 Bout 5 / Women's 50kg Round of 32 Bout 6 / Women's 66kg Round of 32 Bout 3 / Women's 66kg Round of 32 Bout 4,BOX05
Paris 2024,Boxing,North Paris Arena*,2024-07-29,11:00:00,13:10:00,Women's 60kg Round of 16 Bout 7 / Women's 60kg Round of 16 Bout 8 / Women's 60kg Round of 16 Bout 9 / Men's 63.5kg Round of 16 Bout 5 / Men's 63.5kg Round of 16 Bout 6 / Men's 63.5kg Round of 16 Bout 7 / Men's +92kg Round of 16 Bout 1 / Men's +92kg Round of 16 Bout 2,BOX06
Paris 2024,Boxing,North Paris Arena*,2024-07-29,15:30:00,17:40:00,Women's 60kg Round of 16 Bout 10 / Women's 60kg Round of 16 Bout 11 / Men's 63.5kg Round of 16 Bout 8 / Men's 63.5kg Round of 16 Bout 9 / Men's 63.5kg Round of 16 Bout 10 / Men's +92kg Round of 16 Bout 3 / Men's +92kg Round of 16 Bout 4 / Men's +92kg Round of 16 Bout 5,BOX07
Paris 2024,Boxing,North Paris Arena*,2024-07-29,20:00:00,22:10:00,Women's 60kg Round of 16 Bout 12 / Women's 60kg Round of 16 Bout 13 / Women's 60kg Round of 16 Bout 14 / Men's 63.5kg Round of 16 Bout 11 / Men's 63.5kg Round of 16 Bout 12 / Men's +92kg Round of 16 Bout 6 / Men's +92kg Round of 16 Bout 7 / Men's +92kg Round of 16 Bout 8,BOX08
Paris 2024,Boxing,North Paris Arena*,2024-07-30,11:00:00,13:40:00,Men's 51kg Round of 16 Bout 1 / Men's 51kg Round of 16 Bout 2 / Men's 51kg Round of 16 Bout 3 / Men's 80kg Round of 16 Bout 3 / Men's 80kg Round of 16 Bout 4 / Women's 54kg Round of 16 Bout 7 / Women's 54kg Round of 16 Bout 8 / Women's 54kg Round of 16 Bout 9 / Women's 57kg Round of 32 Bout 1 / Women's 57kg Round of 32 Bout 2,BOX09
Paris 2024,Boxing,North Paris Arena*,2024-07-30,15:30:00,18:10:00,Men's 51kg Round of 16 Bout 4 / Men's 51kg Round of 16 Bout 5 / Men's 51kg Round of 16 Bout 6 / Men's 80kg Round of 16 Bout 5 / Men's 80kg Round of 16 Bout 6 / Women's 54kg Round of 16 Bout 10 / Women's 54kg Round of 16 Bout 11 / Women's 54kg Round of 16 Bout 12 / Women's 57kg Round of 32 Bout 3 / Women's 57kg Round of 32 Bout 4,BOX10
Paris 2024,Boxing,North Paris Arena*,2024-07-30,20:00:00,22:40:00,Men's 51kg Round of 16 Bout 7 / Men's 51kg Round of 16 Bout 8 / Men's 80kg Round of 16 Bout 7 / Men's 80kg Round of 16 Bout 8 / Men's 80kg Round of 16 Bout 9 / Men's 80kg Round of 16 Bout 10 / Women's 54kg Round of 16 Bout 13 / Women's 54kg Round of 16 Bout 14 / Women's 57kg Round of 32 Bout 5 / Women's 57kg Round of 32 Bout 6,BOX11
Paris 2024,Boxing,North Paris Arena*,2024-07-31,11:00:00,13:25:00,Men's 57kg Round of 16 Bout 3 / Men's 57kg Round of 16 Bout 4 / Men's 71kg Round of 16 Bout 5 / Men's 71kg Round of 16 Bout 6 / Women's 75kg Round of 16 Bout 1 / Women's 75kg Round of 16 Bout 2 / Women's 75kg Round of 16 Bout 3 / Women's 75kg Round of 16 Bout 4 / Women's 60kg Quarterfinal Bout 15,BOX12
Paris 2024,Boxing,North Paris Arena*,2024-07-31,15:30:00,18:10:00,Men's 57kg Round of 16 Bout 5 / Men's 57kg Round of 16 Bout 6 / Men's 57kg Round of 16 Bout 7 / Men's 71kg Round of 16 Bout 7 / Men's 71kg Round of 16 Bout 8 / Men's 71kg Round of 16 Bout 9 / Women's 75kg Round of 16 Bout 5 / Women's 75kg Round of 16 Bout 6 / Women's 60kg Quarterfinal Bout 16 / Women's 60kg Quarterfinal Bout 17,BOX13
Paris 2024,Boxing,North Paris Arena*,2024-07-31,20:00:00,22:25:00,Men's 57kg Round of 16 Bout 8 / Men's 57kg Round of 16 Bout 9 / Men's 57kg Round of 16 Bout 10 / Men's 71kg Round of 16 Bout 10 / Men's 71kg Round of 16 Bout 11 / Men's 71kg Round of 16 Bout 12 / Women's 75kg Round of 16 Bout 9 / Women's 75kg Round of 16 Bout 10 / Women's 60kg Quarterfinal Bout 18,BOX14
Paris 2024,Boxing,North Paris Arena*,2024-08-01,11:00:00,13:25:00,Women's 50kg Round of 16 Bout 7 / Women's 50kg Round of 16 Bout 8 / Women's 50kg Round of 16 Bout 9 / Women's 66kg Round of 16 Bout 5 / Women's 66kg Round of 16 Bout 6 / Women's 66kg Round of 16 Bout 7 / Women's 54kg Quarterfinal Bout 15 / Men's 63.5kg Quarterfinal Bout 13 / Men's 92 kg Quarterfinal Bout 9,BOX15
Paris 2024,Boxing,North Paris Arena*,2024-08-01,15:30:00,18:10:00,Women's 50kg Round of 16 Bout 10 / Women's 50kg Round of 16 Bout 11 / Women's 50kg Round of 16 Bout 12 / Women's 66kg Round of 16 Bout 8 / Women's 66kg Round of 16 Bout 9 / Women's 66kg Round of 16 Bout 10 / Women's 54kg Quarterfinal Bout 16 / Women's 54kg Quarterfinal Bout 17 / Men's 63.5kg Quarterfinal Bout 14 / Men's 92 kg Quarterfinal Bout 10,BOX16
Paris 2024,Boxing,North Paris Arena*,2024-08-01,20:00:00,22:25:00,Women's 50kg Round of 16 Bout 13 / Women's 50kg Round of 16 Bout 14 / Women's 66kg Round of 16 Bout 11 / Women's 66kg Round of 16 Bout 12 / Women's 54kg Quarterfinal Bout 18 / Men's 63.5kg Quarterfinal Bout 15 / Men's 63.5kg Quarterfinal Bout 16 / Men's 92 kg Quarterfinal Bout 11 / Men's 92 kg Quarterfinal Bout 12,BOX17
Paris 2024,Boxing,North Paris Arena,2024-08-02,15:30:00,18:10:00,Women's 57kg Round of 16 Bout 7 / Women's 57kg Round of 16 Bout 8 / Women's 57kg Round of 16 Bout 9 / Women's 57kg Round of 16 Bout 10 / Men's 51 kg Quarterfinal Bout 9 / Men's 51 kg Quarterfinal Bout 10 / Men's 80 kg Quarterfinal Bout 11 / Men's 80 kg Quarterfinal Bout 12 / Men's +92 kg Quarterfinal Bout 9 / Men's +92 kg Quarterfinal Bout 10,BOX18
Paris 2024,Boxing,North Paris Arena,2024-08-02,20:00:00,22:40:00,Women's 57kg Round of 16 Bout 11 / Women's 57kg Round of 16 Bout 12 / Women's 57kg Round of 16 Bout 13 / Women's 57kg Round of 16 Bout 14 / Men's 51 kg Quarterfinal Bout 11 / Men's 51 kg Quarterfinal Bout 12 / Men's 80 kg Quarterfinal Bout 13 / Men's 80 kg Quarterfinal Bout 14 / Men's +92 kg Quarterfinal Bout 11 / Men's +92 kg Quarterfinal Bout 12,BOX19
Paris 2024,Boxing,North Paris Arena,2024-08-03,15:30:00,17:55:00,Men's 57 kg Quarterfinal Bout 11 / Men's 57 kg Quarterfinal Bout 12 / Men's 71 kg Quarterfinal Bout 13 / Men's 71 kg Quarterfinal Bout 14 / Women's 50kg Quarterfinal Bout 15 / Women's 50kg Quarterfinal Bout 16 / Women's 66 kg Quarterfinal Bout 13 / Women's 66 kg Quarterfinal Bout 14 / Women's 60 kg Semifinal Bout 19,BOX20
Paris 2024,Boxing,North Paris Arena*,2024-08-03,20:00:00,22:25:00,Men's 57 kg Quarterfinal Bout 13 / Men's 57 kg Quarterfinal Bout 14 / Men's 71 kg Quarterfinal Bout 15 / Men's 71 kg Quarterfinal Bout 16 / Women's 50kg Quarterfinal Bout 17 / Women's 50kg Quarterfinal Bout 18 / Women's 66 kg Quarterfinal Bout 15 / Women's 66 kg Quarterfinal Bout 16 / Women's 60 kg Semifinal Bout 20,BOX21
Paris 2024,Boxing,North Paris Arena,2024-08-04,11:00:00,13:25:00,"Women's 57kg Quarterfinal Bout 15 / Women's 57kg Quarterfinal Bout 16 / Women's 75kg Quarter final Bout 9 / Women's 75kg Quarter final Bout 10 / Women's 54kg Semifinal Bout 19 / Men's 51 kg Semi final Bout 13 / Men's 63,5 kg Semi final Bout 17 / Men's 80kg Semi final Bout 15 / Men's 92 kg Semi final Bout 13",BOX22
Paris 2024,Boxing,North Paris Arena,2024-08-04,15:30:00,17:55:00,"Women's 57kg Quarterfinal Bout 17 / Women's 57kg Quarterfinal Bout 18 / Women's 75kg Quarter final Bout 11 / Women's 75kg Quarter final Bout 12 / Women's 54kg Semifinal Bout 20 / Men's 51 kg Semi final Bout 14 / Men's 63,5 kg Semi final Bout 18 / Men's 80kg Semi final Bout 16 / Men's 92 kg Semi final Bout 14 / Session Box 24 Start: 21:30 End: 23:30 Roland-Garros Stadium - Philippe Chatrier / Men's 71kg Semifinal Bout 17 / Men's 71kg Semifinal Bout 18 / Women's 50 kg Semifinal Bout 19 / Women's 50 kg Semifinal Bout 20 / Women's 66 kg Semifinal Bout 17 / Women's 66 kg Semifinal Bout 18 / Women's 60 kg Final Bout 21 / Women's 60kg Victory Ceremony",BOX23
Paris 2024,Boxing,Roland-Garros Stadium - Philippe Chatrier,2024-08-07,21:30:00,23:30:00,"Women's 57 kg Semifinal Bout 19 / Women's 57 kg Semifinal Bout 20 / Men's +92 kg Semifinal Bout 13 / Men's +92 kg Semifinal Bout 14 / Men's 63,5 kg Final Bout 19 / Men's 80kg Final Bout 17 / Men's 63.5kg Victory Ceremony / Men's 80kg Victory Ceremony",BOX25
Paris 2024,Boxing,Roland-Garros Stadium - Philippe Chatrier,2024-08-08,21:30:00,23:30:00,Men's 57 kg Semifinal Bout 15 / Men's 57 kg Semifinal Bout 16 / Women's 75kg Semifinal Bout 13 / Women's 75kg Semifinal Bout 14 / Men's 51kg Final Bout 15 / Women's 54kg Final Bout 21 / Men's 51kg Victory Ceremony / Women's 54kg Victory Ceremony,BOX26
Paris 2024,Boxing,Roland-Garros Stadium - Philippe Chatrier,2024-08-09,21:30:00,23:30:00,Men's 71kg Final Bout 19 / Women's 50kg Final Bout 21 / Men's 71kg Victory Ceremony / Men's 92kg Final Bout 15 / Women's 50kg Victory Ceremony / Women's 66kg Final Bout 19 / Men's 92kg Victory Ceremony / Women's 66kg Victory Ceremony,BOX27
Paris 2024,Boxing,Roland-Garros Stadium - Philippe Chatrier,2024-08-10,21:30:00,23:30:00,Women's 57kg Final Bout 21 / Men's 57kg Final Bout 17 / Women's 57kg Victory Ceremony / Women's 75kg Final Bout 15 / Men's 57kg Victory Ceremony / Men's +92kg Final Bout 15 / Women's 75kg Victory Ceremony / Men's +92kg Victory Ceremony,BOX28
Paris 2024,Breaking,La Concorde 1,2024-08-09,16:00:00,18:00:00,"Women, Qualification",BKG01
Paris 2024,Breaking,La Concorde 1,2024-08-09,20:00:00,22:00:00,"Women, Final",BKG02
Paris 2024,Breaking,La Concorde 1,2024-08-10,16:00:00,18:00:00,"Men, Qualification",BKG03
Paris 2024,Breaking,La Concorde 1,2024-08-10,20:00:00,22:00:00,"Men, Final",BKG04
Paris 2024,Canoe Slalom,Vaires-sur-Marne Nautical Stadium - Whitewater,2024-07-27,15:00:00,19:10:00,Men's Canoe Heats / Women's Kayak Heats,CSL01
Paris 2024,Canoe Slalom,Vaires-sur-Marne Nautical Stadium - Whitewater,2024-07-28,15:30:00,18:50:00,Women's Kayak Semi-final / Women's Kayak Final,CSL02
Paris 2024,Canoe Slalom,Vaires-sur-Marne Nautical Stadium - Whitewater,2024-07-29,15:30:00,18:30:00,Men's Canoe Semi-final / Men's Canoe Final,CSL03
Paris 2024,Canoe Slalom,Vaires-sur-Marne Nautical Stadium - Whitewater,2024-07-30,15:00:00,19:10:00,Women's Canoe Heats / Men's Kayak Heats,CSL04
Paris 2024,Canoe Slalom,Vaires-sur-Marne Nautical Stadium - Whitewater,2024-07-31,15:30:00,18:30:00,Women's Canoe Semi-final / Women's Canoe Final,CSL05
Paris 2024,Canoe Slalom,Vaires-sur-Marne Nautical Stadium - Whitewater,2024-08-01,15:30:00,18:35:00,Men's Kayak Semi-final / Men's Kayak Final,CSL06
Paris 2024,Canoe Slalom,Vaires-sur-Marne Nautical Stadium - Whitewater,2024-08-03,15:30:00,19:15:00,Women's Kayak Cross Time trial / Men's Kayak Cross Time trial / Women's Kayak Cross Repechage 1 / Men's Kayak Cross Repechage 1 / Women's Kayak Cross Repechage 2 / Men's Kayak Cross Repechage 2,CSL07
Paris 2024,Canoe Slalom,Vaires-sur-Marne Nautical Stadium - Whitewater,2024-08-04,15:30:00,17:25:00,Men's Kayak Cross Heats / Women's Kayak Cross Heats,CSL08
Paris 2024,Canoe Slalom,Vaires-sur-Marne Nautical Stadium - Whitewater,2024-08-05,15:30:00,17:30:00,Women's Kayak Cross Quarter-finals / Men's Kayak Cross Quarter-finals / Women's Kayak Cross Semi-finals / Men's Kayak Cross Semi-finals / Women's Kayak Cross Small Final / Men's Kayak Cross Small Final / Women's Kayak Cross Final / Men's Kayak Cross Final,CSL09
Paris 2024,Canoe Sprint,Vaires-sur-Marne Nautical Stadium - Flatwater,2024-08-06,09:30:00,14:50:00,Women's Kayak Four 500m Heats / Men's Kayak Four 500m Heats / Men's Canoe Double 500m Heats / Women's Canoe Double 500m Heats / Women's Kayak Double 500m Heats / Men's Kayak Double 500m Heats / Men's Canoe Double 500m Quarterfinals / Women's Canoe Double 500m Quarterfinals / Women's Kayak Double 500m Quarterfinals / Men's Kayak Double 500m Quarterfinals,CSP01
Paris 2024,Canoe Sprint,Vaires-sur-Marne Nautical Stadium - Flatwater,2024-08-07,09:30:00,15:10:00,Women's Kayak Single 500m Heats / Men's Kayak Single 1000m Heats / Men's Canoe Single 1000m Heats / Women's Kayak Single 500m Quarterfinals / Men's Kayak Single 1000m Quarterfinals / Men's Canoe Single 1000m Quarterfinals,CSP02
Paris 2024,Canoe Sprint,Vaires-sur-Marne Nautical Stadium - Flatwater,2024-08-08,10:30:00,14:30:00,Women's Canoe Single 200m Heats / Men's Canoe Double 500m Semi-finals / Women's Kayak Four 500m Semi-finals / Men's Kayak Four 500m Semi-finals / Women's Canoe Single 200m Quarterfinals / Men's Canoe Double 500m Final B / Men's Canoe Double 500m Final A / Women's Kayak Four 500m Final A / Men's Kayak Four 500m Final A,CSP03
Paris 2024,Canoe Sprint,Vaires-sur-Marne Nautical Stadium - Flatwater,2024-08-09,10:30:00,14:40:00,Women's Canoe Double 500m Semi-finals / Women's Kayak Double 500m Semi-finals / Men's Kayak Double 500m Semi-finals / Men's Canoe Single 1000m Semi-finals / Women's Canoe Double 500m Final B / Women's Canoe Double 500m Final A / Women's Kayak Double 500m Final B / Women's Kayak Double 500m Final A / Men's Kayak Double 500m Final B / Men's Kayak Double 500m Final A / Men's Canoe Single 1000m Final B / Men's Canoe Single 1000m Final A,CSP04
Paris 2024,Canoe Sprint,Vaires-sur-Marne Nautical Stadium - Flatwater,2024-08-10,10:30:00,14:20:00,Women's Kayak Single 500m Semi-finals / Men's Kayak Single 1000m Semi-finals / Women's Canoe Single 200m Semi-finals / Women's Kayak Single 500m Final C / Women's Kayak Single 500m Final B / Women's Kayak Single 500m Final A / Men's Kayak Single 1000m Final B / Men's Kayak Single 1000m Final A / Women's Canoe Single 200m Final B / Women's Canoe Single 200m Final A,CSP05
Paris 2024,Sport Climbing,Le Bourget Sport Climbing venue,2024-08-05,10:00:00,14:00:00,Men's Boulder Semifinal / Women's Speed Qualification,CLB01
Paris 2024,Sport Climbing,Le Bourget Sport Climbing venue,2024-08-06,10:00:00,14:00:00,Women's Boulder Semifinal / Men's Speed Qualification,CLB02
Paris 2024,Sport Climbing,Le Bourget Sport Climbing venue,2024-08-07,10:00:00,13:15:00,Men's Lead Semifinal / Women's Speed Final,CLB03
Paris 2024,Sport Climbing,Le Bourget Sport Climbing venue,2024-08-08,10:00:00,13:15:00,Women's Lead Semifinal / Men's Speed Final,CLB04
Paris 2024,Sport Climbing,Le Bourget Sport Climbing venue,2024-08-09,10:15:00,13:20:00,Men's Boulder & Lead Final,CLB05
Paris 2024,Sport Climbing,Le Bourget Sport Climbing venue,2024-08-10,10:15:00,13:20:00,Women's Boulder & Lead Final,CLB06
Paris 2024,Cycling Road,Start Invalides - Finish Pont Alexandre III,2024-07-27,14:30:00,18:30:00,Women's Individual Time Trial / Men's Individual Time Trial,CRD01
Paris 2024,Cycling Road,Trocadéro,2024-08-03,11:00:00,18:15:00,Men's Road Race,CRD02
Paris 2024,Cycling Road,Trocadéro,2024-08-04,14:00:00,18:45:00,Women's Road Race,CRD03
Paris 2024,Cycling Track,Velodrome National,2024-08-05,17:00:00,20:20:00,Women's Team Sprint Qualifying / Men's Team Pursuit Qualifying / Women's Team Sprint First Round / Men's Team Sprint Qualifying / Women's Team Sprint Finals,CTR01
Paris 2024,Cycling Track,Velodrome National,2024-08-06,17:30:00,20:30:00,Women's Team Pursuit Qualifying / Men's Team Sprint First Round / Men's Team Pursuit First Round / Men's Team Sprint Finals,CTR02
Paris 2024,Cycling Track,Velodrome National,2024-08-07,12:45:00,15:45:00,Men's Sprint Qualifying / Women's Keirin First Round / Women's Team Pursuit First Round / Men's Sprint 1/32 Finals / Women's Keirin Repechages / Men's Sprint 1/32 Finals Repechages,CTR03
Paris 2024,Cycling Track,Velodrome National,2024-08-07,17:30:00,20:25:00,Men's Sprint 1/16 Finals / Men's Team Pursuit Finals / Men's Sprint 1/16 Finals Repechages / Women's Team Pursuit Finals / Men's Sprint 1/8 Finals / Men's Sprint 1/8 Finals Repechages,CTR04
Paris 2024,Cycling Track,Velodrome National,2024-08-08,17:00:00,20:25:00,Men's Omnium Scratch Race 1/4 / Women's Keirin Quarterfinals / Men's Omnium Tempo Race 2/4 / Men's Sprint Quarterfinals / Women's Keirin Semifinals / Men's Omnium Elimination Race 3/4 / Women's Keirin Final 7-12 / Women's Keirin Final 1-6 / Men's Omnium Points Race 4/4 / Men's Sprint Race for 5th-8th Places,CTR05
Paris 2024,Cycling Track,Velodrome National,2024-08-09,14:00:00,16:00:00,Women's Sprint Qualifying / Men's Sprint Semifinals / Women's Sprint 1/32 Finals / Women's Sprint 1/32 Finals Repechages,CTR06
Paris 2024,Cycling Track,Velodrome National,2024-08-09,18:00:00,20:15:00,Women's Madison Final / Women's Sprint 1/16 Finals / Men's Sprint Final / Women's Sprint 1/16 Finals Repechages,CTR07
Paris 2024,Cycling Track,Velodrome National,2024-08-10,17:00:00,20:20:00,Women's Sprint 1/8 Finals / Men's Keirin First Round / Women's Sprint 1/8 Finals Repechages / Men's Madison Final / Women's Sprint Quarterfinals / Men's Keirin Repechages,CTR08
Paris 2024,Cycling Track,Velodrome National,2024-08-11,11:00:00,14:40:00,Women's Omnium Scratch Race 1/4 / Women's Sprint Semifinals / Men's Keirin Quarterfinals / Women's Omnium Tempo Race 2/4 / Women's Sprint Semifinals - Decider / Women's Sprint Race for 5th-8th Places / Men's Keirin Semifinals / Women's Sprint Finals - Decider / Women's Omnium Elimination Race 3/4 / Men's Keirin Final 7-12 / Men's Keirin Final 1-6 / Women's Sprint Finals - Decider / Women's Omnium Points Race 4/4,CTR09
Paris 2024,Diving,Aquatics Centre,2024-07-27,11:00:00,12:00:00,Women's Synchronised 3m Springboard,DIV01
Paris 2024,Diving,Aquatics Centre,2024-07-29,11:00:00,12:00:00,Men's Synchronised 10m Platform,DIV02
Paris 2024,Diving,Aquatics Centre,2024-07-31,11:00:00,12:00:00,Women's Synchronised 10m Platform,DIV03
Paris 2024,Diving,Aquatics Centre,2024-08-02,11:00:00,12:00:00,Men's Synchronised 3m Springboard,DIV04
Paris 2024,Diving,Aquatics Centre,2024-08-05,10:00:00,12:10:00,Women's 10m Platform Preliminary,DIV05
Paris 2024,Diving,Aquatics Centre,2024-08-05,15:00:00,17:00:00,Women's 10m Platform Semifinal,DIV06
Paris 2024,Diving,Aquatics Centre,2024-08-06,10:00:00,12:00:00,Men's 3m Springboard Preliminary,DIV07
Paris 2024,Diving,Aquatics Centre,2024-08-06,15:00:00,17:00:00,Women's 10m Platform Final,DIV08
Paris 2024,Diving,Aquatics Centre,2024-08-07,10:00:00,12:00:00,Men's 3m Springboard Semifinal,DIV09
Paris 2024,Diving,Aquatics Centre,2024-08-07,15:00:00,17:00:00,Women's 3m Springboard Preliminary,DIV10
Paris 2024,Diving,Aquatics Centre,2024-08-08,10:00:00,12:00:00,Women's 3m Springboard Semifinal,DIV11
Paris 2024,Diving,Aquatics Centre,2024-08-08,15:00:00,17:00:00,Men's 3m Springboard Final,DIV12
Paris 2024,Diving,Aquatics Centre,2024-08-09,10:00:00,12:00:00,Men's 10m Platform Preliminary,DIV13
Paris 2024,Diving,Aquatics Centre,2024-08-09,15:00:00,17:00:00,Women's 3m Springboard Final,DIV14
Paris 2024,Diving,Aquatics Centre,2024-08-10,10:00:00,12:00:00,Men's 10m Platform Semifinal,DIV15
Paris 2024,Diving,Aquatics Centre,2024-08-10,15:00:00,17:00:00,Men's 10m Platform Final,DIV16
Paris 2024,Equestrian,Château de Versailles,2024-07-27,09:30:00,18:30:00,Eventing Dressage team & individual,EQU01
Paris 2024,Equestrian,Château de Versailles,2024-07-28,10:30:00,15:30:00,Eventing Cross Country Team and Individual,EQU02
Paris 2024,Equestrian,Château de Versailles,2024-07-29,11:00:00,16:30:00,Eventing Jumping Team and Individual Final,EQU03
Paris 2024,Equestrian,Château de Versailles,2024-07-30,11:00:00,16:30:00,Dressage Grand Prix Team and Individual Qualifier Day 1,EQU04
Paris 2024,Equestrian,Château de Versailles,2024-07-31,10:00:00,15:30:00,Dressage Grand Prix Team and Individual Qualifier Day 2,EQU05
Paris 2024,Equestrian,Château de Versailles,2024-08-01,11:00:00,14:00:00,Jumping Team Qualifier,EQU06
Paris 2024,Equestrian,Château de Versailles,2024-08-02,14:00:00,16:30:00,Jumping Team Final,EQU07
Paris 2024,Equestrian,Château de Versailles,2024-08-03,10:00:00,16:30:00,Dressage Grand Prix Special team Final,EQU08
Paris 2024,Equestrian,Château de Versailles,2024-08-04,10:00:00,14:00:00,Dressage Grand Prix Freestyle Individual Final,EQU09
Paris 2024,Equestrian,Château de Versailles,2024-08-05,14:00:00,18:00:00,Jumping Individual Qualifier,EQU10
Paris 2024,Equestrian,Château de Versailles,2024-08-06,10:00:00,12:30:00,Jumping Individual Final,EQU11
Paris 2024,Fencing,Grand Palais,2024-07-27,10:00:00,16:40:00,Women's Épée Individual Table of 64 / Men's Sabre Individual Table of 64 / Women's Épée Individual Table of 32 / Men's Sabre Individual Table of 32 / Women's Épée Individual Table of 16 / Men's Sabre Individual Table of 16 / Women's Épée Individual Quarterfinals / Men's Sabre Individual Quarterfinals,FEN01
Paris 2024,Fencing,Grand Palais,2024-07-27,19:00:00,22:50:00,Women's Épée Individual Semifinals / Men's Sabre Individual Semifinals / Women's Épée Individual Bronze Medal / Men's Sabre Individual Bronze Medal / Women's Épée Individual Gold Medal / Men's Sabre Individual Gold Medal,FEN02
Paris 2024,Fencing,Grand Palais,2024-07-28,09:30:00,16:50:00,Women's Foil Individual Table of 64 / Men's Épée Individual Table of 64 / Women's Foil Individual Table of 32 / Men's Épée Individual Table of 32 / Women's Foil Individual Table of 16 / Men's Épée Individual Table of 16 / Women's Foil Individual Quarterfinals / Women's Épée Individual Quarterfinals,FEN03
Paris 2024,Fencing,Grand Palais,2024-07-28,19:00:00,23:10:00,Women's Foil Individual Semifinals / Men's Épée Individual Semifinals / Women's Foil Individual Bronze Medal / Men's Épée Individual Bronze Medal / Women's Foil Individual Gold Medal / Men's Épée Individual Gold Medal,FEN04
Paris 2024,Fencing,Grand Palais,2024-07-29,09:30:00,16:50:00,Women's Sabre Individual Table of 64 / Men's Foil Individual Table of 64 / Women's Sabre Individual Table of 32 / Men's Foil Individual Table of 32 / Women's Sabre Individual Table of 16 / Men's Foil Individual Table of 16 / Women's Sabre Individual Quarterfinals / Men's Foil Individual Quarterfinals,FEN05
Paris 2024,Fencing,Grand Palais,2024-07-29,19:00:00,23:10:00,Women's Sabre Individual Semifinals / Men's Foil Individual Semifinals / Women's Sabre Individual Bronze Medal / Men's Foil Individual Bronze Medal / Women's Sabre Individual Gold Medal / Men's Foil Individual Gold Medal,FEN06
Paris 2024,Fencing,Grand Palais,2024-07-30,12:00:00,17:30:00,"Women's Épée Team Table of 16 / Women's Épée Team Quarterfinals / Women's Épée Team Classifications 5-8 / Women's Épée Team Semifinals / Women's Épée Team Placement 5-6, 7-8",FEN07
Paris 2024,Fencing,Grand Palais,2024-07-30,19:30:00,21:40:00,Women's Épée Team Bronze Medal Match / Women's Épée Team Gold Medal Match,FEN08
Paris 2024,Fencing,Grand Palais,2024-07-31,12:00:00,17:30:00,"Men's Sabre Team Table of 16 / Men's Sabre Team Quarterfinals / Men's Sabre Team Classifications 5-8 / Men's Sabre Team Semifinals / Men's Sabre Team Placement 5-6, 7-8",FEN09
Paris 2024,Fencing,Grand Palais,2024-07-31,19:30:00,21:40:00,Men's Sabre Team Bronze Medal Match / Men's Sabre Team Gold Medal Match,FEN10
Paris 2024,Fencing,Grand Palais,2024-08-01,10:00:00,17:10:00,"Women's Foil Team Table of 16 / Women's Foil Team Quarterfinals / Women's Foil Team Classifications 5-8 / Women's Foil Team Semifinals / Women's Foil Team Placement 5-6, 7-8",FEN11
Paris 2024,Fencing,Grand Palais,2024-08-01,19:10:00,22:00:00,Women's Foil Team Bronze Medal Match / Women's Foil Team Gold Medal Match,FEN12
Paris 2024,Fencing,Grand Palais,2024-08-02,12:00:00,17:30:00,"Men's Épée Team Table of 16 / Men's Épée Team Quarterfinals / Men's Épée Team Classifications 5-8 / Men's Épée Team Semifinals / Men's Épée Team Placement 5-6, 7-8",FEN13
Paris 2024,Fencing,Grand Palais,2024-08-02,19:30:00,21:40:00,Men's Épée Team Bronze Medal Match / Men's Épée Team Gold Medal Match,FEN14
Paris 2024,Fencing,Grand Palais,2024-08-03,11:30:00,17:00:00,"Women's Sabre Team Table of 16 / Women's Sabre Team Quarterfinals / Women's Sabre Team Classifications 5-8 / Women's Sabre Team Semifinals / Women's Sabre Team Placement 5-6, 7-8",FEN15
Paris 2024,Fencing,Grand Palais,2024-08-03,19:00:00,21:10:00,Women's Sabre Team Bronze Medal Match / Women's Sabre Team Gold Medal Match,FEN16
Paris 2024,Fencing,Grand Palais,2024-08-04,10:00:00,17:10:00,"Men's Foil Team Table of 16 / Men's Foil Team Quarterfinals / Men's Foil Team Classifications 5-8 / Men's Foil Team Semifinals / Men's Foil Team Placement 5-6, 7-8",FEN17
Paris 2024,Fencing,Grand Palais,2024-08-04,19:10:00,22:00:00,Men's Foil Team Bronze Medal Match / Men's Foil Team Gold Medal Match,FEN18
Paris 2024,Football,Parc des Princes,2024-07-24,15:00:00,17:00:00,Men's Group Stage - Group C - C1vsC2 / Match N°5,FBL01
Paris 2024,Football,Geoffroy-Guichard Stadium,2024-07-24,15:00:00,17:00:00,Men's Group Stage - Group B - B1vsB2 / Match N°3,FBL02
Paris 2024,Football,La Beaujoire Stadium,2024-07-24,17:00:00,19:00:00,Men's Group Stage - Group C - C3vsC4 / Match N°6,FBL03
Paris 2024,Football,Nice Stadium,2024-07-24,17:00:00,19:00:00,Men's Group Stage - Group A - A3vsA4 / Match N°2,FBL04
Paris 2024,Football,Bordeaux Stadium,2024-07-24,19:00:00,21:00:00,Men's Group Stage - Group D - D1vsD2 / Match N°8,FBL05
Paris 2024,Football,Lyon Stadium,2024-07-24,19:00:00,21:00:00,Men's Group Stage - Group B - B3vsB4 / Match N°4,FBL06
Paris 2024,Football,Parc des Princes,2024-07-24,21:00:00,23:00:00,Men's Group Stage - Group D - D3vsD4 / Match N°7,FBL07
Paris 2024,Football,Marseille Stadium,2024-07-24,21:00:00,23:00:00,Men's Group Stage - Group A - A1vsA2 / Match N°1,FBL08
Paris 2024,Football,La Beaujoire Stadium,2024-07-25,17:00:00,19:00:00,Women's Group Stage - Group C - C1vsC2 / Match N°5,FBL09
Paris 2024,Football,Geoffroy-Guichard Stadium,2024-07-25,17:00:00,19:00:00,Women's Group Stage - Group A - A3vsA4 / Match N°2,FBL10
Paris 2024,Football,Bordeaux Stadium,2024-07-25,19:00:00,21:00:00,Women's Group Stage - Group C - C3vsC4 / Match N°6,FBL11
Paris 2024,Football,Marseille Stadium,2024-07-25,19:00:00,21:00:00,Women's Group Stage - Group B - B3vsB4 / Match N°4,FBL12
Paris 2024,Football,Lyon Stadium,2024-07-25,21:00:00,23:00:00,Women's Group Stage - Group A - A1vsA2 / Match N°1,FBL13
Paris 2024,Football,Nice Stadium,2024-07-25,21:00:00,23:00:00,Women's Group Stage - Group B - B1vsB2 / Match N°3,FBL14
Paris 2024,Football,Bordeaux Stadium,2024-07-27,15:00:00,17:00:00,Men's Group Stage - Group C - C4vsC2 / Match N°14,FBL15
Paris 2024,Football,Lyon Stadium,2024-07-27,15:00:00,17:00:00,Men's Group Stage - Group B - B1vsB3 / Match N°11,FBL16
Paris 2024,Football,La Beaujoire Stadium,2024-07-27,17:00:00,19:00:00,Men's Group Stage - Group C - C1vsC3 / Match N°13,FBL17
Paris 2024,Football,Geoffroy-Guichard Stadium,2024-07-27,17:00:00,19:00:00,Men's Group Stage - Group B - B4vsB2 / Match N°12,FBL18
Paris 2024,Football,Parc des Princes,2024-07-27,19:00:00,21:00:00,Men's Group Stage - Group D - D2vsD4 / Match N°15,FBL19
Paris 2024,Football,Marseille Stadium,2024-07-27,19:00:00,21:00:00,Men's Group Stage - Group B - A4vsA2 / Match N°10,FBL20
Paris 2024,Football,Bordeaux Stadium,2024-07-27,21:00:00,23:00:00,Men's Group Stage - Group D - D1vsD3 / Match N°16,FBL21
Paris 2024,Football,Nice Stadium,2024-07-27,21:00:00,23:00:00,Men's Group Stage - Group A - A1vsA3 / Match N°9,FBL22
Paris 2024,Football,Parc des Princes,2024-07-28,17:00:00,19:00:00,Women's Group Stage - Group C - C4vsC2 / Match N°12,FBL23
Paris 2024,Football,Lyon Stadium,2024-07-28,17:00:00,19:00:00,Women's Group Stage - Group A - A4vsA2 / Match N°8,FBL24
Paris 2024,Football,La Beaujoire Stadium,2024-07-28,19:00:00,21:00:00,Women's Group Stage - Group C - C1vsC3 / Match N°11,FBL25
Paris 2024,Football,Nice Stadium,2024-07-28,19:00:00,21:00:00,Women's Group Stage - Group B - B4vsB2 / Match N°10,FBL26
Paris 2024,Football,Geoffroy-Guichard Stadium,2024-07-28,21:00:00,23:00:00,Women's Group Stage - Group A - A1vsA3 / Match N°7,FBL27
Paris 2024,Football,Marseille Stadium,2024-07-28,21:00:00,23:00:00,Women's Group Stage - Group B - B1vsB3 / Match N°9,FBL28
Paris 2024,Football,Parc des Princes,2024-07-30,15:00:00,17:00:00,Men's Group Stage - Group C - C4vsC1 / Match N°21,FBL29
Paris 2024,Football,Bordeaux Stadium,2024-07-30,15:00:00,17:00:00,Men's Group Stage - Group C - C2vsC3 / Match N°22,FBL30
Paris 2024,Football,Lyon Stadium,2024-07-30,17:00:00,19:00:00,Men's Group Stage - Group B - B4vsB1 / Match N°19,FBL31
Paris 2024,Football,Nice Stadium,2024-07-30,17:00:00,19:00:00,Men's Group Stage - Group B - B2vsB3 / Match N°20,FBL32
Paris 2024,Football,Geoffroy-Guichard Stadium,2024-07-30,19:00:00,21:00:00,Men's Group Stage - Group A - A2vsA3 / Match N°18,FBL33
Paris 2024,Football,Marseille Stadium,2024-07-30,19:00:00,21:00:00,Men's Group Stage - Group A - A4vsA1 / Match N°17,FBL34
Paris 2024,Football,Parc des Princes,2024-07-30,21:00:00,23:00:00,Men's Group Stage - Group D - D2vsD3 / Match N°24,FBL35
Paris 2024,Football,La Beaujoire Stadium,2024-07-30,21:00:00,23:00:00,Men's Group Stage - Group D - D4vsD1 / Match N°23,FBL36
Paris 2024,Football,La Beaujoire Stadium,2024-07-31,17:00:00,19:00:00,Women's Group Stage - Group C - C2vsC3 / Match N°18,FBL37
Paris 2024,Football,Bordeaux Stadium,2024-07-31,17:00:00,19:00:00,Women's Group Stage - Group C - C4vsC1 / Match N°17,FBL38
Paris 2024,Football,Geoffroy-Guichard Stadium,2024-07-31,19:00:00,21:00:00,Women's Group Stage - Group B - B2vsB3 / Match N°16,FBL39
Paris 2024,Football,Marseille Stadium,2024-07-31,19:00:00,21:00:00,Women's Group Stage - Group B - B4vsB1 / Match N°15,FBL40
Paris 2024,Football,Lyon Stadium,2024-07-31,21:00:00,23:00:00,Women's Group Stage - Group A - A4vsA1 / Match N°13,FBL41
Paris 2024,Football,Nice Stadium,2024-07-31,21:00:00,23:00:00,Women's Group Stage - Group A - A2vsA3 / Match N°14,FBL42
Paris 2024,Football,Parc des Princes,2024-08-02,15:00:00,18:00:00,Men's Quarter Final - 1Bvs2A / Match N°26,FBL43
Paris 2024,Football,Lyon Stadium,2024-08-02,17:00:00,20:00:00,Men's Quarter Final - 1Dvs2C / Match N°28,FBL44
Paris 2024,Football,Marseille Stadium,2024-08-02,19:00:00,22:00:00,Men's Quarter Final - 1Cvs2D / Match N°27,FBL45
Paris 2024,Football,Bordeaux Stadium,2024-08-02,21:00:00,00:00:00,Men's Quarter Final - 1Avs2B / Match N°25,FBL46
Paris 2024,Football,Parc des Princes,2024-08-03,15:00:00,18:00:00,Women's Quarter Final - 1Bvs2C / Match N°20,FBL47
Paris 2024,Football,Lyon Stadium,2024-08-03,17:00:00,20:00:00,Women's Quarter Final - 1Cvs3A/B / Match N°21,FBL48
Paris 2024,Football,Marseille Stadium,2024-08-03,19:00:00,22:00:00,Women's Quarter Final - 2Avs2B / Match N°22,FBL49
Paris 2024,Football,La Beaujoire Stadium,2024-08-03,21:00:00,00:00:00,Women's Quarter Final - A1vs3B/C / Match N°19,FBL50
Paris 2024,Football,Marseille Stadium,2024-08-05,18:00:00,21:00:00,Men's Semi-Final - V26vsV28 / Match N°30,FBL51
Paris 2024,Football,Lyon Stadium,2024-08-05,21:00:00,00:00:00,Men's Semi-Final - V25vsV27 / Match N°29,FBL52
Paris 2024,Football,Lyon Stadium,2024-08-06,18:00:00,21:00:00,Women's Semi-Final - V20vsV22 / Match N°24,FBL53
Paris 2024,Football,Marseille Stadium,2024-08-06,21:00:00,00:00:00,Women's Semi-Final - V19vsV21 / Match N°23,FBL54
Paris 2024,Football,La Beaujoire Stadium,2024-08-08,17:00:00,20:00:00,Men's Bronze Medal Match - RU29vsRU30 / Match N°31,FBL55
Paris 2024,Football,Lyon Stadium,2024-08-09,15:00:00,18:00:00,Women's Bronze Medal Match - RU23vsRU24 / Match N°25,FBL56
Paris 2024,Football,Parc des Princes,2024-08-09,18:00:00,21:30:00,Men's Gold Medal Match - V29vsV30 / Match N°32,FBL57
Paris 2024,Football,Parc des Princes,2024-08-10,17:00:00,20:30:00,Women's Gold Medal Match - V23vsV24 / Match N°26,FBL58
Paris 2024,Artistic Gymnastics,Bercy Arena,2024-07-27,11:00:00,13:30:00,Men's Qualification,GAR01
Paris 2024,Artistic Gymnastics,Bercy Arena,2024-07-27,15:30:00,18:00:00,Men's Qualification,GAR02
Paris 2024,Artistic Gymnastics,Bercy Arena,2024-07-27,20:00:00,22:30:00,Men's Qualification,GAR03
Paris 2024,Artistic Gymnastics,Bercy Arena,2024-07-28,09:30:00,13:20:00,Women's Qualification,GAR04
Paris 2024,Artistic Gymnastics,Bercy Arena,2024-07-28,14:50:00,16:30:00,Women's Qualification,GAR05
Paris 2024,Artistic Gymnastics,Bercy Arena,2024-07-28,18:00:00,19:40:00,Women's Qualification,GAR06
Paris 2024,Artistic Gymnastics,Bercy Arena,2024-07-28,21:10:00,22:50:00,Women's Qualification,GAR07
Paris 2024,Artistic Gymnastics,Bercy Arena,2024-07-29,17:30:00,20:30:00,Men's Team Final,GAR08
Paris 2024,Artistic Gymnastics,Bercy Arena,2024-07-30,18:15:00,20:30:00,Women's Team Final,GAR09
Paris 2024,Artistic Gymnastics,Bercy Arena,2024-07-31,17:30:00,20:15:00,Men's All-Around Final,GAR10
Paris 2024,Artistic Gymnastics,Bercy Arena,2024-08-01,18:15:00,20:25:00,Women's All-Around Final,GAR11
Paris 2024,Artistic Gymnastics,Bercy Arena,2024-08-03,15:30:00,18:00:00,Women's/Men's Apparatus Final,GAR12
Paris 2024,Artistic Gymnastics,Bercy Arena,2024-08-04,15:00:00,17:25:00,Women's/Men's Apparatus Finals,GAR13
Paris 2024,Artistic Gymnastics,Bercy Arena,2024-08-05,12:00:00,15:15:00,Women's/Men's Apparatus Finals,GAR14
Paris 2024,Golf,Golf National,2024-08-01,09:00:00,18:00:00,Men's Individual Stroke Play round 1,GLF01
Paris 2024,Golf,Golf National,2024-08-02,09:00:00,18:00:00,Men's Individual Stroke Play round 2,GLF02
Paris 2024,Golf,Golf National,2024-08-03,09:00:00,18:00:00,Men's Individual Stroke Play round 3,GLF03
Paris 2024,Golf,Golf National,2024-08-04,09:00:00,18:30:00,Men's Individual Stroke Play round 4,GLF04
Paris 2024,Golf,Golf National,2024-08-07,09:00:00,18:00:00,Women's Individual Stroke Play round 1,GLF05
Paris 2024,Golf,Golf National,2024-08-08,09:00:00,18:00:00,Women's Individual Stroke Play round 2,GLF06
Paris 2024,Golf,Golf National,2024-08-09,09:00:00,18:00:00,Women's Individual Stroke Play round 3,GLF07
Paris 2024,Golf,Golf National,2024-08-10,09:00:00,18:30:00,Women's Individual Stroke Play round 4,GLF08
Paris 2024,Rhythmic Gymnastics,Arena Porte de la Chapelle,2024-08-08,10:00:00,13:00:00,Individual All-Around Qualification - Part 1 of 2,GRY01
Paris 2024,Rhythmic Gymnastics,Arena Porte de la Chapelle,2024-08-08,15:00:00,18:00:00,Individual All-Around Qualification - Part 2 of 2,GRY02
Paris 2024,Rhythmic Gymnastics,Arena Porte de la Chapelle,2024-08-09,10:00:00,12:30:00,Group All-Around Qualification,GRY03
Paris 2024,Rhythmic Gymnastics,Arena Porte de la Chapelle,2024-08-09,14:30:00,17:00:00,Individual All-Around Final,GRY04
Paris 2024,Rhythmic Gymnastics,Arena Porte de la Chapelle,2024-08-10,14:00:00,15:45:00,Group All-Around Final,GRY05
Paris 2024,Trampoline Gymnastics,Bercy Arena,2024-08-02,12:00:00,14:30:00,Women's Qualification / Women's Final,GTR01
Paris 2024,Trampoline Gymnastics,Bercy Arena,2024-08-02,18:00:00,20:30:00,Men's Qualification / Men's Final,GTR02
Paris 2024,Handball,South Paris Arena 6,2024-07-25,09:00:00,12:30:00,Women's Preliminary Round (2 matches),HBL01
Paris 2024,Handball,South Paris Arena 6,2024-07-25,14:00:00,17:30:00,Women's Preliminary Round (2 matches),HBL02
Paris 2024,Handball,South Paris Arena 6,2024-07-25,19:00:00,22:30:00,Women's Preliminary Round (2 matches),HBL03
Paris 2024,Handball,South Paris Arena 6,2024-07-27,09:00:00,12:30:00,Men's Preliminary Round (2 matches),HBL04
Paris 2024,Handball,South Paris Arena 6,2024-07-27,14:00:00,17:30:00,Men's Preliminary Round (2 matches),HBL05
Paris 2024,Handball,South Paris Arena 6,2024-07-27,19:00:00,22:30:00,Men's Preliminary Round (2 matches),HBL06
Paris 2024,Handball,South Paris Arena 6,2024-07-28,09:00:00,12:30:00,Women's Preliminary Round (2 matches),HBL07
Paris 2024,Handball,South Paris Arena 6,2024-07-28,14:00:00,17:30:00,Women's Preliminary Round (2 matches),HBL08
Paris 2024,Handball,South Paris Arena 6,2024-07-28,19:00:00,22:30:00,Women's Preliminary Round (2 matches),HBL09
Paris 2024,Handball,South Paris Arena 6,2024-07-29,09:00:00,12:30:00,Men's Preliminary Round (2 matches),HBL10
Paris 2024,Handball,South Paris Arena 6,2024-07-29,14:00:00,17:30:00,Men's Preliminary Round (2 matches),HBL11
Paris 2024,Handball,South Paris Arena 6,2024-07-29,19:00:00,22:30:00,Men's Preliminary Round (2 matches),HBL12
Paris 2024,Handball,South Paris Arena 6,2024-07-30,09:00:00,12:30:00,Women's Preliminary Round (2 matches),HBL13
Paris 2024,Handball,South Paris Arena 6,2024-07-30,14:00:00,17:30:00,Women's Preliminary Round (2 matches),HBL14
Paris 2024,Handball,South Paris Arena 6,2024-07-30,19:00:00,22:30:00,Women's Preliminary Round (2 matches),HBL15
Paris 2024,Handball,South Paris Arena 6,2024-07-31,09:00:00,12:30:00,Men's Preliminary Round (2 matches),HBL16
Paris 2024,Handball,South Paris Arena 6,2024-07-31,14:00:00,17:30:00,Men's Preliminary Round (2 matches),HBL17
Paris 2024,Handball,South Paris Arena 6,2024-07-31,19:00:00,22:30:00,Men's Preliminary Round (2 matches),HBL18
Paris 2024,Handball,South Paris Arena 6,2024-08-01,09:00:00,12:30:00,Women's Preliminary Round (2 matches),HBL19
Paris 2024,Handball,South Paris Arena 6,2024-08-01,14:00:00,17:30:00,Women's Preliminary Round (2 matches),HBL20
Paris 2024,Handball,South Paris Arena 6,2024-08-01,19:00:00,22:30:00,Women's Preliminary Round (2 matches),HBL21
Paris 2024,Handball,South Paris Arena 6,2024-08-02,09:00:00,12:30:00,Men's Preliminary Round (2 matches),HBL22
Paris 2024,Handball,South Paris Arena 6,2024-08-02,14:00:00,17:30:00,Men's Preliminary Round (2 matches),HBL23
Paris 2024,Handball,South Paris Arena 6,2024-08-02,19:00:00,22:30:00,Men's Preliminary Round (2 matches),HBL24
Paris 2024,Handball,South Paris Arena 6,2024-08-03,09:00:00,12:30:00,Women's Preliminary Round (2 matches),HBL25
Paris 2024,Handball,South Paris Arena 6,2024-08-03,14:00:00,17:30:00,Women's Preliminary Round (2 matches),HBL26
Paris 2024,Handball,South Paris Arena 6,2024-08-03,19:00:00,22:30:00,Women's Preliminary Round (2 matches),HBL27
Paris 2024,Handball,South Paris Arena 6,2024-08-04,09:00:00,12:30:00,Men's Preliminary Round (2 matches),HBL28
Paris 2024,Handball,South Paris Arena 6,2024-08-04,14:00:00,17:30:00,Men's Preliminary Round (2 matches),HBL29
Paris 2024,Handball,South Paris Arena 6,2024-08-04,19:00:00,22:30:00,Men's Preliminary Round (2 matches),HBL30
Paris 2024,Handball,Pierre Mauroy Stadium,2024-08-06,09:30:00,11:30:00,Women's Quarterfinal,HBL31
Paris 2024,Handball,Pierre Mauroy Stadium,2024-08-06,13:30:00,15:30:00,Women's Quarterfinal,HBL32
Paris 2024,Handball,Pierre Mauroy Stadium,2024-08-06,17:30:00,19:30:00,Women's Quarterfinal,HBL33
Paris 2024,Handball,Pierre Mauroy Stadium,2024-08-06,21:30:00,23:30:00,Women's Quarterfinal,HBL34
Paris 2024,Handball,Pierre Mauroy Stadium,2024-08-07,09:30:00,11:30:00,Men's Quarterfinal,HBL35
Paris 2024,Handball,Pierre Mauroy Stadium,2024-08-07,13:30:00,15:30:00,Men's Quarterfinal,HBL36
Paris 2024,Handball,Pierre Mauroy Stadium,2024-08-07,17:30:00,19:30:00,Men's Quarterfinal,HBL37
Paris 2024,Handball,Pierre Mauroy Stadium,2024-08-07,21:30:00,23:30:00,Men's Quarterfinal,HBL38
Paris 2024,Handball,Pierre Mauroy Stadium,2024-08-08,16:30:00,18:30:00,Women's Semifinal,HBL39
Paris 2024,Handball,Pierre Mauroy Stadium,2024-08-08,21:30:00,23:30:00,Women's Semifinal,HBL40
Paris 2024,Handball,Pierre Mauroy Stadium,2024-08-09,16:30:00,18:30:00,Men's Semifinal,HBL41
Paris 2024,Handball,Pierre Mauroy Stadium,2024-08-09,21:30:00,23:30:00,Men's Semifinal,HBL42
Paris 2024,Handball,Pierre Mauroy Stadium,2024-08-10,10:00:00,12:00:00,Women's Bronze Medal Match,HBL43
Paris 2024,Handball,Pierre Mauroy Stadium,2024-08-10,15:00:00,17:30:00,Women's Gold Medal Match,HBL44
Paris 2024,Handball,Pierre Mauroy Stadium,2024-08-11,09:00:00,11:00:00,Men's Bronze Medal Match,HBL45
Paris 2024,Handball,Pierre Mauroy Stadium,2024-08-11,13:30:00,16:00:00,Men's Gold Medal Match,HBL46
Paris 2024,Hockey,Yves-du-Manoir Stadium - Pitch 1,2024-07-27,10:00:00,15:00:00,Men's Pool Matches (2 matches),HOC01
Paris 2024,Hockey,Yves-du-Manoir Stadium - Pitch 2,2024-07-27,10:30:00,15:30:00,Men's Pool Matches (2 matches),HOC02
Paris 2024,Hockey,Yves-du-Manoir Stadium - Pitch 1,2024-07-27,17:00:00,22:00:00,Men's Pool Match / Women's Pool Match,HOC03
Paris 2024,Hockey,Yves-du-Manoir Stadium - Pitch 2,2024-07-27,17:30:00,22:30:00,Men's Pool Match / Women's Pool Match,HOC04
Paris 2024,Hockey,Yves-du-Manoir Stadium - Pitch 1,2024-07-28,10:00:00,15:00:00,Women's Pool Matches (2 matches),HOC05
Paris 2024,Hockey,Yves-du-Manoir Stadium - Pitch 2,2024-07-28,10:30:00,15:30:00,Women's Pool Matches (2 matches),HOC06
Paris 2024,Hockey,Yves-du-Manoir Stadium - Pitch 1,2024-07-28,17:00:00,22:00:00,Men's Pool Matches (2 matches),HOC07
Paris 2024,Hockey,Yves-du-Manoir Stadium - Pitch 2,2024-07-28,17:30:00,22:30:00,Men's Pool Matches (2 matches),HOC08
Paris 2024,Hockey,Yves-du-Manoir Stadium - Pitch 1,2024-07-29,10:00:00,15:00:00,Men's Pool Matches (2 matches),HOC09
Paris 2024,Hockey,Yves-du-Manoir Stadium - Pitch 2,2024-07-29,10:30:00,15:30:00,Women's Pool Matches (2 matches),HOC10
Paris 2024,Hockey,Yves-du-Manoir Stadium - Pitch 1,2024-07-29,17:00:00,22:00:00,Women's Pool Matches (2 matches),HOC11
Paris 2024,Hockey,Yves-du-Manoir Stadium - Pitch 2,2024-07-29,17:30:00,22:30:00,Women's Pool Matches (2 matches),HOC12
Paris 2024,Hockey,Yves-du-Manoir Stadium - Pitch 1,2024-07-30,10:00:00,15:00:00,Men's Pool Matches (2 matches),HOC13
Paris 2024,Hockey,Yves-du-Manoir Stadium - Pitch 2,2024-07-30,10:30:00,15:30:00,Men's Pool Matches (2 matches),HOC14
Paris 2024,Hockey,Yves-du-Manoir Stadium - Pitch 1,2024-07-30,17:00:00,22:00:00,Men's Pool Matches (2 matches),HOC15
Paris 2024,Hockey,Yves-du-Manoir Stadium - Pitch 1,2024-07-31,10:00:00,15:00:00,Women's Pool Matches (2 matches),HOC16
Paris 2024,Hockey,Yves-du-Manoir Stadium - Pitch 2,2024-07-31,10:30:00,15:30:00,Women's Pool Matches (2 matches),HOC17
Paris 2024,Hockey,Yves-du-Manoir Stadium - Pitch 1,2024-07-31,17:00:00,22:00:00,Men's Pool Match / Women's Pool Match,HOC18
Paris 2024,Hockey,Yves-du-Manoir Stadium - Pitch 2,2024-07-31,17:30:00,22:30:00,Men's Pool Match / Women's Pool Match,HOC19
Paris 2024,Hockey,Yves-du-Manoir Stadium - Pitch 1,2024-08-01,10:00:00,15:00:00,Men's Pool Matches (2 matches),HOC20
Paris 2024,Hockey,Yves-du-Manoir Stadium - Pitch 2,2024-08-01,10:30:00,15:30:00,Men's Pool Matches (2 matches),HOC21
Paris 2024,Hockey,Yves-du-Manoir Stadium - Pitch 1,2024-08-01,17:00:00,22:00:00,Women's Pool Matches (2 matches),HOC22
Paris 2024,Hockey,Yves-du-Manoir Stadium - Pitch 2,2024-08-01,17:30:00,22:30:00,Women's Pool Matches (2 matches),HOC23
Paris 2024,Hockey,Yves-du-Manoir Stadium - Pitch 1,2024-08-02,10:00:00,15:00:00,Women's Pool Matches (2 matches),HOC24
Paris 2024,Hockey,Yves-du-Manoir Stadium - Pitch 2,2024-08-02,10:30:00,15:30:00,Men's Pool Matches (2 matches),HOC25
Paris 2024,Hockey,Yves-du-Manoir Stadium - Pitch 1,2024-08-02,17:00:00,22:00:00,Men's Pool Matches (2 matches),HOC26
Paris 2024,Hockey,Yves-du-Manoir Stadium - Pitch 2,2024-08-02,17:30:00,22:30:00,Men's Pool Matches (2 matches),HOC27
Paris 2024,Hockey,Yves-du-Manoir Stadium - Pitch 1,2024-08-03,10:00:00,15:00:00,Women's Pool Matches (2 matches),HOC28
Paris 2024,Hockey,Yves-du-Manoir Stadium - Pitch 2,2024-08-03,10:30:00,15:30:00,Women's Pool Matches (2 matches),HOC29
Paris 2024,Hockey,Yves-du-Manoir Stadium - Pitch 1,2024-08-03,17:00:00,22:00:00,Women's Pool Matches (2 matches),HOC30
Paris 2024,Hockey,Yves-du-Manoir Stadium - Pitch 1,2024-08-04,10:00:00,15:00:00,Men's Quarter-finals (2 matches),HOC31
Paris 2024,Hockey,Yves-du-Manoir Stadium - Pitch 1,2024-08-04,17:30:00,22:30:00,Men's Quarter-finals (2 matches),HOC32
Paris 2024,Hockey,Yves-du-Manoir Stadium - Pitch 1,2024-08-05,10:00:00,15:00:00,Women's Quarter-finals (2 matches),HOC33
Paris 2024,Hockey,Yves-du-Manoir Stadium - Pitch 1,2024-08-05,17:30:00,22:30:00,Women's Quarter-finals (2 matches),HOC34
Paris 2024,Hockey,Yves-du-Manoir Stadium - Pitch 1,2024-08-06,14:00:00,16:00:00,Men's Semi-final,HOC35
Paris 2024,Hockey,Yves-du-Manoir Stadium - Pitch 1,2024-08-06,19:00:00,21:00:00,Men's Semi-final,HOC36
Paris 2024,Hockey,Yves-du-Manoir Stadium - Pitch 1,2024-08-07,14:00:00,16:00:00,Women's Semi-final,HOC37
Paris 2024,Hockey,Yves-du-Manoir Stadium - Pitch 1,2024-08-07,19:00:00,21:00:00,Women's Semi-final,HOC38
Paris 2024,Hockey,Yves-du-Manoir Stadium - Pitch 1,2024-08-08,14:00:00,16:00:00,Men's Bronze Medal Match,HOC39
Paris 2024,Hockey,Yves-du-Manoir Stadium - Pitch 1,2024-08-08,19:00:00,21:30:00,Men's Gold Medal Match,HOC40
Paris 2024,Hockey,Yves-du-Manoir Stadium - Pitch 1,2024-08-09,14:00:00,16:00:00,Women's Bronze Medal Match,HOC41
Paris 2024,Hockey,Yves-du-Manoir Stadium - Pitch 1,2024-08-09,20:00:00,22:30:00,Women's Gold Medal Match,HOC42
Paris 2024,Judo,Champ de Mars Arena,2024-07-27,10:00:00,14:00:00,Women's -48 kg Elimination Round / Men's -60 kg Elimination Round,JUD01
Paris 2024,Judo,Champ de Mars Arena,2024-07-27,16:00:00,19:00:00,Women's -48 kg Repechage contest / Women's -48 kg Semifinals / Men's -60 kg Repechage contest / Men's -60 kg Semifinals / Women's -48 kg Contests for Bronze medals / Women's -48 kg Final / Men's -60 kg Contests for Bronze medals / Men's -60 kg Final,JUD02
Paris 2024,Judo,Champ de Mars Arena,2024-07-28,10:00:00,14:00:00,Women's -52 kg Elimination Round / Men's -66 kg Elimination Round,JUD03
Paris 2024,Judo,Champ de Mars Arena,2024-07-28,16:00:00,19:00:00,Men's -66 kg Repechage contest / Men's -66 kg Semifinals / Women's -52 kg Repechage contest / Women's -52 kg Semifinals / Men's -66 kg Contests for Bronze medals / Men's -66 kg Final / Women's -52 kg Contests for Bronze medals / Women's -52 kg Final,JUD04
Paris 2024,Judo,Champ de Mars Arena,2024-07-29,10:00:00,14:00:00,Women's -57 kg Elimination Round / Men's -73 kg Elimination Round,JUD05
Paris 2024,Judo,Champ de Mars Arena,2024-07-29,16:00:00,19:00:00,Women's -57 kg Repechage contest / Women's -57 kg Semifinals / Men's -73 kg Repechage contest / Men's -73 kg Semifinals / Women's -57 kg Contests for Bronze medals / Women's -57 kg Final / Men's -73 kg Contests for Bronze medals / Men's -73 kg Final,JUD06
Paris 2024,Judo,Champ de Mars Arena,2024-07-30,10:00:00,14:00:00,Women's -63 kg Elimination Round / Men's -81 kg Elimination Round,JUD07
Paris 2024,Judo,Champ de Mars Arena,2024-07-30,16:00:00,19:00:00,Men's -81 kg Repechage contest / Men's -81 kg Semifinals / Women's -63 kg Repechage contest / Women's -63 kg Semifinals / Men's -81 kg Contests for Bronze medals / Men's -81 kg Final / Women's -63 kg Contests for Bronze medals / Women's -63 kg Final,JUD08
Paris 2024,Judo,Champ de Mars Arena,2024-07-31,10:00:00,14:00:00,Women's -70 kg Elimination Round / Men's -90 kg Elimination Round,JUD09
Paris 2024,Judo,Champ de Mars Arena,2024-07-31,16:00:00,19:00:00,Women's -70 kg Repechage contest / Women's -70 kg Semifinals / Men's -90 kg Repechage contest / Men's -90 kg Semifinals / Women's -70 kg Contests for Bronze medals / Women's -70 kg Final / Men's -90 kg Contests for Bronze medals / Men's -90 kg Final,JUD10
Paris 2024,Judo,Champ de Mars Arena,2024-08-01,10:00:00,14:00:00,Women's -78 kg Elimination Round / Men's -100 kg Elimination Round,JUD11
Paris 2024,Judo,Champ de Mars Arena,2024-08-01,16:00:00,19:00:00,Men's -100 kg Repechage contest / Men's -100 kg Semifinals / Women's -78 kg Repechage contest / Women's -78 kg Semifinals / Men's -100 kg Contests for Bronze medals / Men's -100 kg Final / Women's -78 kg Contests for Bronze medals / Women's -78 kg Final,JUD12
Paris 2024,Judo,Champ de Mars Arena,2024-08-02,10:00:00,14:00:00,Women's +78 kg Elimination Round / Men's +100 kg Elimination Round,JUD13
Paris 2024,Judo,Champ de Mars Arena,2024-08-02,16:00:00,19:00:00,Women's +78 kg Repechage contest / Women's +78 kg Semifinals / Men's +100 kg Repechage contest / Men's +100 kg Semifinals / Women's +78 kg Contests for Bronze medals / Women's +78 kg Final / Men's +100 kg Contests for Bronze medals / Men's +100 kg Final,JUD14
Paris 2024,Judo,Champ de Mars Arena,2024-08-03,08:00:00,14:00:00,Mixed Team Elimination Round + repechage + Semifinals,JUD15
Paris 2024,Judo,Champ de Mars Arena,2024-08-03,16:00:00,19:00:00,Mixed Team Contests for Bronze medals / Mixed Team Final,JUD16
Paris 2024,Modern Pentathlon,North Paris Arena,2024-08-08,11:00:00,17:30:00,Fencing Ranking Round (Men) / Fencing Ranking Round (Women),MPN01
Paris 2024,Modern Pentathlon,Château de Versailles,2024-08-09,13:00:00,19:00:00,Men's Semi-finals,MPN02
Paris 2024,Modern Pentathlon,Château de Versailles,2024-08-10,09:30:00,15:30:00,Women's Semi-finals,MPN03
Paris 2024,Modern Pentathlon,Château de Versailles,2024-08-10,17:30:00,20:00:00,Men's Final,MPN04
Paris 2024,Modern Pentathlon,Château de Versailles,2024-08-11,11:00:00,13:30:00,Women's Final,MPN05
Paris 2024,Mountain Bike,Elancourt Hill,2024-07-28,14:00:00,16:30:00,Women's Cross-country,MTB01
Paris 2024,Mountain Bike,Elancourt Hill,2024-07-29,14:00:00,16:30:00,Men's Cross-country,MTB02
Paris 2024,Marathon Swimming,Pont Alexandre III,2024-08-08,07:30:00,10:30:00,Women's 10km,OWS01
Paris 2024,Marathon Swimming,Pont Alexandre III,2024-08-09,07:30:00,10:30:00,Men's 10km,OWS02
Paris 2024,Rowing,Vaires-sur-Marne Nautical Stadium,2024-07-27,09:00:00,13:10:00,Men's Single Sculls Heats / Women's Single Sculls Heats / Men's Double Sculls Heats / Women's Double Sculls Heats / Men's Quadruple Sculls Heats / Women's Quadruple Sculls Heats,ROW01
Paris 2024,Rowing,Vaires-sur-Marne Nautical Stadium,2024-07-28,09:00:00,13:10:00,Women's Single Sculls Repechages / Men's Single Sculls Repechages / Women's Double Sculls Repechage / Men's Double Sculls Repechage / Women's Pair Heats / Men's Pair Heats / Lightweight Women's Double Sculls Heats / Lightweight Men's Double Sculls Heats / Women's Four Heats / Men's Four Heats,ROW02
Paris 2024,Rowing,Vaires-sur-Marne Nautical Stadium,2024-07-29,09:30:00,12:20:00,Men's Single Sculls Semifinals E/F / Women's Single Sculls Semifinals E/F / Men's Pair Repechage / Women's Pair Repechage / Lightweight Men's Double Sculls Repechages / Lightweight Women's Double Sculls Repechages / Men's Quadruple Sculls Repechage / Women's Quadruple Sculls Repechage / Men's Eight Heats / Women's Eight Heats,ROW03
Paris 2024,Rowing,Vaires-sur-Marne Nautical Stadium,2024-07-30,09:30:00,11:50:00,Women's Single Sculls Quarterfinals / Men's Single Sculls Quarterfinals / Women's Double Sculls Semifinals / Men's Double Sculls Semifinals / Women's Four Repechage / Men's Four Repechage,ROW04
Paris 2024,Rowing,Vaires-sur-Marne Nautical Stadium,2024-07-31,09:30:00,13:10:00,Lightweight Men's Double Sculls Final C / Lightweight Women's Double Sculls Final C / Men's Single Sculls Semifinals C/D / Women's Single Sculls Semifinals C/D / Men's Pair Semifinals / Women's Pair Semifinals / Lightweight Men's Double Sculls Semifinals / Lightweight Women's Double Sculls Semifinals / Men's Quadruple Sculls Final B / Women's Quadruple Sculls Final B / Men's Quadruple Sculls Final A / Women's Quadruple Sculls Final A,ROW05
Paris 2024,Rowing,Vaires-sur-Marne Nautical Stadium,2024-08-01,09:30:00,12:40:00,Women's Single Sculls Semifinals A/B / Men's Single Sculls Semifinals A/B / Women's Eight Repechage / Men's Eight Repechage / Women's Double Sculls Final B / Men's Double Sculls Final B / Women's Four Final B / Men's Four Final B / Women's Double Sculls Final A / Men's Double Sculls Final A / Women's Four Final A / Men's Four Final A,ROW06
Paris 2024,Rowing,Vaires-sur-Marne Nautical Stadium,2024-08-02,09:30:00,12:50:00,Men's Single Sculls Final F / Women's Single Sculls Final F / Men's Single Sculls Final E / Women's Single Sculls Final E / Men's Single Sculls Final D / Women's Single Sculls Final D / Men's Pair Final B / Women's Pair Final B / Lightweight Men's Double Sculls Final B / Lightweight Women's Double Sculls Final B / Men's Pair Final A / Women's Pair Final A / Lightweight Men's Double Sculls Final A / Lightweight Women's Double Sculls Final A,ROW07
Paris 2024,Rowing,Vaires-sur-Marne Nautical Stadium,2024-08-03,09:30:00,11:40:00,Women's Single Sculls Final C / Men's Single Sculls Final C / Women's Single Sculls Final B / Men's Single Sculls Final B / Women's Single Sculls Final A / Men's Single Sculls Final A / Women's Eight Final A / Men's Eight Final A / RUGBY 7,ROW08
Paris 2024,Rugby Sevens,Stade de France,2024-07-24,15:30:00,22:00:00,Men's Pool Round (12 matches),RU701
Paris 2024,Rugby Sevens,Stade de France,2024-07-25,14:00:00,17:00:00,Men's Pool Round (6 matches),RU702
Paris 2024,Rugby Sevens,Stade de France,2024-07-25,20:00:00,23:00:00,Men's Placing 9-12 (2 matches) / Men's Quarter-finals (4 matches),RU703
Paris 2024,Rugby Sevens,Stade de France,2024-07-27,14:30:00,20:45:00,Men's Placing 5-8 (2 matches) / Men's Semi-finals / Men's Placing 11-12 / Men's Placing Match 9-10 / Men's Placing Match 7-8 / Men's Placing Match 5-6 / Men's Bronze Medal Match / Men's Gold Medal Match,RU704
Paris 2024,Rugby Sevens,Stade de France,2024-07-28,15:30:00,22:00:00,Women's Pool Round (12 matches),RU705
Paris 2024,Rugby Sevens,Stade de France,2024-07-29,14:00:00,17:00:00,Women's Pool Round (6 matches),RU706
Paris 2024,Rugby Sevens,Stade de France,2024-07-29,20:00:00,23:00:00,Women's Placing 9-12 (2 matches) / Women's Quarter-finals (4 matches),RU707
Paris 2024,Rugby Sevens,Stade de France,2024-07-30,14:30:00,20:45:00,Women's Placing 5-8 (2 matches) / Women's Semi-Finals / Women's Placing 11-12 / Women's Placing 9-10 / Women's Placing 7-8 / Women's Placing 5-6 / Women's Bronze Medal Match / Women's Gold Medal Match,RU708
Paris 2024,Sailing,Marina Marseille,2024-07-28,11:00:00,19:00:00,Men's Windsurfing - Opening Series / Women's Windsurfing - Opening Series / Men's Skiff - Opening Series / Women's Skiff - Opening Series,SAL01
Paris 2024,Sailing,Marina Marseille,2024-07-29,11:00:00,19:00:00,Men's Windsurfing - Opening Series / Women's Windsurfing - Opening Series / Men's Skiff - Opening Series / Women's Skiff - Opening Series,SAL02
Paris 2024,Sailing,Marina Marseille,2024-07-30,11:00:00,19:00:00,Men's Windsurfing - Opening Series / Women's Windsurfing - Opening Series / Men's Skiff - Opening Series / Women's Skiff - Opening Series,SAL03
Paris 2024,Sailing,Marina Marseille,2024-07-31,11:00:00,19:00:00,Men's Skiff - Opening Series / Women's Skiff - Opening Series,SAL04
Paris 2024,Sailing,Marina Marseille,2024-08-01,11:00:00,19:00:00,Men's Windsurfing - Opening Series Marathon / Women's Windsurfing - Opening Series Marathon / Men's Skiff - Medal Race / Women's Skiff - Medal Race / Men's Dinghy - Opening Series / Women's Dinghy - Opening Series,SAL05
Paris 2024,Sailing,Marina Marseille,2024-08-02,11:00:00,19:00:00,Men's Windsurfing - Medal Series / Women's Windsurfing - Medal Series / Men's Dinghy - Opening Series / Women's Dinghy - Opening Series / Mixed Dinghy - Opening Series,SAL06
Paris 2024,Sailing,Marina Marseille,2024-08-03,11:00:00,19:00:00,Men's Dinghy - Opening Series / Women's Dinghy - Opening Series / Mixed Dinghy - Opening Series / Mixed Multihull - Opening Series,SAL07
Paris 2024,Sailing,Marina Marseille,2024-08-04,11:00:00,19:00:00,Men's Dinghy - Opening Series / Women's Dinghy - Opening Series / Mixed Dinghy - Opening Series / Mixed Multihull - Opening Series / Men's Kite - Opening Series / Women's Kite - Opening Series,SAL08
Paris 2024,Sailing,Marina Marseille,2024-08-05,11:00:00,19:00:00,Men's Dinghy - Opening Series / Women's Dinghy - Opening Series / Mixed Dinghy - Opening Series / Mixed Multihull - Opening Series / Men's Kite - Opening Series / Women's Kite - Opening Series,SAL09
Paris 2024,Sailing,Marina Marseille,2024-08-06,11:00:00,19:00:00,Men's Dinghy - Medal Race / Women's Dinghy - Medal Race / Mixed Dinghy - Opening Series / Mixed Multihull - Opening Series / Men's Kite - Opening Series / Women's Kite - Opening Series,SAL10
Paris 2024,Sailing,Marina Marseille,2024-08-07,11:00:00,19:00:00,Mixed Dinghy - Medal Race / Mixed Multihull - Medal Race / Men's Kite - Opening Series / Women's Kite - Opening Series,SAL11
Paris 2024,Sailing,Marina Marseille,2024-08-08,11:00:00,19:00:00,Men's Kite - Medal Series / Women's Kite - Medal Series / Note that the session below are sport sessions and not necessarly ticketed sessions.,SAL12
Paris 2024,Shooting,Chateauroux Shooting Centre*,2024-07-27,09:00:00,13:45:00,10m Air Rifle Mixed Team Qualification / 10m Air Pistol Men's Qualification / 10m Air Pistol Women's Qualification,SHO01
Paris 2024,Shooting,Chateauroux Shooting Centre*,2024-07-27,10:30:00,11:50:00,10m Air Rifle Mixed Team Finals,SHO02
Paris 2024,Shooting,Chateauroux Shooting Centre*,2024-07-28,09:15:00,12:30:00,10m Air Rifle Women's Qualification / 10m Air Rifle Men's Qualification,SHO03
Paris 2024,Shooting,Chateauroux Shooting Centre*,2024-07-28,09:30:00,13:05:00,10m Air Pistol Men's Finals / 10m Air Pistol Women's Finals,SHO04
Paris 2024,Shooting,Chateauroux Shooting Centre*,2024-07-29,09:15:00,13:05:00,10m Air Pistol Mixed Team Qualification / 10m Air Rifle Women's Finals / 10m Air Rifle Men's Finals,SHO05
Paris 2024,Shooting,Chateauroux Shooting Centre*,2024-07-29,09:00:00,16:00:00,Trap Men's Qualification - Day 1,SHO06
Paris 2024,Shooting,Chateauroux Shooting Centre*,2024-07-30,09:00:00,17:05:00,Trap Men's Qualification Day 2 / Trap Women's Qualification Day 1 / Trap Men's Finals,SHO07
Paris 2024,Shooting,Chateauroux Shooting Centre*,2024-07-30,09:30:00,10:50:00,Air Pistol Mixed Team Finals,SHO08
Paris 2024,Shooting,Chateauroux Shooting Centre*,2024-07-31,09:00:00,10:30:00,50m Rifle 3 Postions Men's Qualification,SHO09
Paris 2024,Shooting,Chateauroux Shooting Centre*,2024-07-31,09:00:00,17:05:00,Trap Women's Qualification Day 2 / Trap Women's Finals,SHO10
Paris 2024,Shooting,Chateauroux Shooting Centre*,2024-08-01,09:30:00,10:50:00,50m Rifle 3 Postions Men's Finals,SHO11
Paris 2024,Shooting,Chateauroux Shooting Centre*,2024-08-01,12:00:00,13:30:00,50m Rifle 3 Positions Women's Qualification,SHO12
Paris 2024,Shooting,Chateauroux Shooting Centre*,2024-08-02,09:00:00,14:30:00,Skeet Men's Qualification Day 1,SHO13
Paris 2024,Shooting,Chateauroux Shooting Centre*,2024-08-02,09:00:00,14:00:00,25m Pistol Women's Qualification,SHO14
Paris 2024,Shooting,Chateauroux Shooting Centre*,2024-08-02,09:30:00,10:50:00,50m Rifle 3 Positions Women's Finals,SHO15
Paris 2024,Shooting,Chateauroux Shooting Centre*,2024-08-03,09:00:00,17:05:00,Skeet Men's Qualification Day 2 / Skeet Women's Qualification Day 1 / Skeet Men's Finals,SHO16
Paris 2024,Shooting,Chateauroux Shooting Centre*,2024-08-03,09:30:00,10:50:00,25m Pistol Womem's Finals,SHO17
Paris 2024,Shooting,Chateauroux Shooting Centre*,2024-08-04,09:00:00,17:00:00,25m Rapid Fire Pistol Men's Qualification,SHO18
Paris 2024,Shooting,Chateauroux Shooting Centre*,2024-08-04,09:30:00,17:05:00,Skeet Women's Qualification Day 2 / Skeet Women's Finals,SHO19
Paris 2024,Shooting,Chateauroux Shooting Centre*,2024-08-05,09:00:00,16:35:00,Skeet Mixed Team Qualification / Skeet Mixed Team Finals,SHO20
Paris 2024,Shooting,Chateauroux Shooting Centre*,2024-08-05,09:30:00,10:50:00,25m Rapid Fire Pistol Men's Finals / * Subject to approval and relevant agreements,SHO21
Paris 2024,Skateboarding,La Concorde 3,2024-07-27,12:00:00,15:30:00,"Street hommes, préliminaires",SKB01
Paris 2024,Skateboarding,La Concorde 3,2024-07-27,17:00:00,19:00:00,"Street hommes, finale",SKB02
Paris 2024,Skateboarding,La Concorde 3,2024-07-28,12:00:00,15:30:00,"Street femmes, préliminaires",SKB03
Paris 2024,Skateboarding,La Concorde 3,2024-07-28,17:00:00,19:00:00,"Street femmes, finale",SKB04
Paris 2024,Skateboarding,La Concorde 4,2024-08-06,12:30:00,16:00:00,"Park femmes, préliminaires",SKB05
Paris 2024,Skateboarding,La Concorde 4,2024-08-06,17:30:00,19:00:00,"Park femmes, finale",SKB06
Paris 2024,Skateboarding,La Concorde 4,2024-08-07,12:30:00,16:00:00,"Park hommes, préliminaires",SKB07
Paris 2024,Skateboarding,La Concorde 4,2024-08-07,17:30:00,19:00:00,"Park hommes, finale",SKB08
Paris 2024,Surfing,Teahupoo,2024-07-27,07:00:00,16:30:00,Men's Round 1 (8 Heats) / Women's Round 1 (8 Heats),SRF01
Paris 2024,Surfing,Teahupoo,2024-07-28,07:00:00,16:30:00,Women's Round 2 (8 Heats) / Men's Round 2 (8 Heats),SRF02
Paris 2024,Surfing,Teahupoo,2024-07-29,07:00:00,16:30:00,Men's Round 3 (8 Heats) / Women's Round 3 (8 Heats),SRF03
Paris 2024,Surfing,Teahupoo,2024-07-30,07:00:00,17:15:00,Men's Quarterfinals / Women's Quarterfinals / Men's Semifinals / Women's Semifinals / Men's Bronze Medal Match / Women's Bronze Medal Match / Men's Gold Medal Match / Women's Gold Medal Match,SRF04
Paris 2024,Artistic Swimming,Aquatics Centre,2024-08-05,19:30:00,21:00:00,Team Technical Routine,SWA01
Paris 2024,Artistic Swimming,Aquatics Centre,2024-08-06,19:30:00,21:00:00,Team Free Routine,SWA02
Paris 2024,Artistic Swimming,Aquatics Centre,2024-08-07,19:30:00,21:15:00,Team Acrobatic Routine,SWA03
Paris 2024,Artistic Swimming,Aquatics Centre,2024-08-09,19:30:00,21:30:00,Duet Technical Routine,SWA04
Paris 2024,Artistic Swimming,Aquatics Centre,2024-08-10,19:30:00,22:00:00,Duet Free Routine,SWA05
Paris 2024,Swimming,Paris La Defense Arena,2024-07-27,11:00:00,13:00:00,Women's 100m Butterfly - Heats / Women's 400m Freestyle - Heats / Men's 100m Breaststroke - Heats / Men's 400m Freestyle - Heats / Women's 4x100m Freestyle Relay - Heats / Men's 4x100m Freestyle Relay - Heats,SWM01
Paris 2024,Swimming,Paris La Defense Arena,2024-07-27,20:30:00,22:30:00,Women's 100m Butterfly - Semifinals / Men's 400m Freestyle - Final / Women's 400m Freestyle - Final / Men's 100m Breaststroke - Semifinals / Women's 4x100m Freestyle Relay - Final / Men's 4x100m Freestyle Relay - Final,SWM02
Paris 2024,Swimming,Paris La Defense Arena,2024-07-28,11:00:00,13:00:00,Men's 200m Freestyle - Heats / Men's 400m Medley - Heats / Women's 100m Breaststroke - Heats / Men's 100m Backstroke - Heats / Women's 200m Freestyle - Heats,SWM03
Paris 2024,Swimming,Paris La Defense Arena,2024-07-28,20:30:00,22:30:00,Men's 400m Medley - Final / Women's 100m Butterfly - Final / Men's 200m Freestyle - Semifinals / Women's 100m Breaststroke - Semifinals / Men's 100m Backstroke - Semifinals / Men's 100m Breaststroke - Final / Women's 200m Freestyle - Semifinals,SWM04
Paris 2024,Swimming,Paris La Defense Arena,2024-07-29,11:00:00,13:00:00,Women's 400m Medley - Heats / Women's 100m Backstroke - Heats / Men's 800m Freestyle - Heats,SWM05
Paris 2024,Swimming,Paris La Defense Arena,2024-07-29,20:30:00,22:30:00,Women's 400m Medley - Final / Men's 200m Freestyle - Final / Women's 100m Backstroke - Semifinals / Men's 100m Backstroke - Final / Women's 100m Breaststroke - Final / Women's 200m Freestyle - Final,SWM06
Paris 2024,Swimming,Paris La Defense Arena,2024-07-30,11:00:00,13:00:00,Men's 200m Butterfly - Heats / Men's 100m Freestyle - Heats / Women's 1500m Freestyle - Heats / Women's 100m Freestyle - Heats / Men's 200m Breaststroke - Heats / Men's 4x200m Freestyle Relay - Heats,SWM07
Paris 2024,Swimming,Paris La Defense Arena,2024-07-30,20:30:00,22:30:00,Men's 100m Freestyle - Semifinals / Men's 200m Butterfly - Semifinals / Women's 100m Backstroke - Final / Men's 800m Freestyle - Final / Women's 100m Freestyle - Semifinals / Men's 200m Breaststroke - Semifinals / Men's 4x200m Freestyle Relay - Final,SWM08
Paris 2024,Swimming,Paris La Defense Arena,2024-07-31,11:00:00,13:00:00,Women's 200m Breaststroke - Heats / Men's 200m Backstroke - Heats / Women's 200m Butterfly - Heats,SWM09
Paris 2024,Swimming,Paris La Defense Arena,2024-07-31,20:30:00,22:30:00,Women's 100m Freestyle - Final / Men's 200m Butterfly - Final / Men's 200m Breaststroke - Final / Women's 1500m Freestyle - Final / Men's 200m Backstroke - Semifinals / Women's 200m Breaststroke - Semifinals / Women's 200m Butterfly - Semifinals / Men's 100m Freestyle - Final,SWM10
Paris 2024,Swimming,Paris La Defense Arena,2024-08-01,11:00:00,13:00:00,Women's 200m Backstroke - Heats / Men's 50m Freestyle - Heats / Men's 200m Medley - Heats / Women's 4x200m Freestyle Relay - Heats,SWM11
Paris 2024,Swimming,Paris La Defense Arena,2024-08-01,20:30:00,22:30:00,Women's 200m Butterfly - Final / Men's 200m Backstroke - Final / Women's 200m Backstroke - Semifinals / Women's 200m Breaststroke - Final / Men's 200m Medley - Semifinals / Men's 50m Freestyle - Semifinals / Women's 4x200m Freestyle Relay - Final,SWM12
Paris 2024,Swimming,Paris La Defense Arena,2024-08-02,11:00:00,13:00:00,Men's 100m Butterfly - Heats / Women's 200m Medley - Heats / Women's 800m Freestyle - Heats / 4x100m Mixed Medley - Heats,SWM13
Paris 2024,Swimming,Paris La Defense Arena,2024-08-02,20:30:00,22:30:00,Men's 50m Freestyle - Final / Women's 200m Backstroke - Final / Men's 200m Medley - Final / Men's 100m Butterfly - Semifinals / Women's 200m Medley - Semifinals,SWM14
Paris 2024,Swimming,Paris La Defense Arena,2024-08-03,11:00:00,13:00:00,Women's 50m Freestyle - Heats / Men's 1500m Freestyle - Heats / Men's 4x100m Medley Relay - Heats / Women's 4x100m Medley Relay - Heats,SWM15
Paris 2024,Swimming,Paris La Defense Arena,2024-08-03,20:30:00,22:30:00,Men's 100m Butterfly - Final / Women's 50m Freestyle - Semifinals / Women's 200m Medley - Final / Women's 800m Freestyle - Final / 4x100m Mixed Medley - Final,SWM16
Paris 2024,Swimming,Paris La Defense Arena,2024-08-04,18:30:00,20:30:00,Women's 50m Freestyle - Final / Men's 1500m Freestyle - Final / Men's 4x100m Medley Relay - Final / Women's 4x100m Medley Relay - Final,SWM17
Paris 2024,Table Tennis,South Paris Arena 4,2024-07-27,15:00:00,18:00:00,Men's & Women's Singles Preliminary Round / Mixed Doubles Round of 16,TTE01
Paris 2024,Table Tennis,South Paris Arena 4,2024-07-27,20:00:00,23:00:00,Men's/Women's Singles Round 1,TTE02
Paris 2024,Table Tennis,South Paris Arena 4,2024-07-28,10:00:00,14:00:00,Men's/Women's Singles Round 1,TTE03
Paris 2024,Table Tennis,South Paris Arena 4,2024-07-28,16:00:00,18:00:00,Mixed Doubles QF Match 1 - 4,TTE04
Paris 2024,Table Tennis,South Paris Arena 4,2024-07-28,20:00:00,23:00:00,Men's/Women's Singles Round 1,TTE05
Paris 2024,Table Tennis,South Paris Arena 4,2024-07-29,10:00:00,14:00:00,Men's/Women's Singles Round 1,TTE06
Paris 2024,Table Tennis,South Paris Arena 4,2024-07-29,16:00:00,18:00:00,Mixed Doubles SF Match 1,TTE07
Paris 2024,Table Tennis,South Paris Arena 4,2024-07-29,20:00:00,23:00:00,Men's/Women's Singles Round 2,TTE08
Paris 2024,Table Tennis,South Paris Arena 4,2024-07-30,10:00:00,12:00:00,Men's/Women's Singles Round 2,TTE09
Paris 2024,Table Tennis,South Paris Arena 4,2024-07-30,13:30:00,16:00:00,Mixed Doubles Bronze Medal / Mixed Doubles Final,TTE10
Paris 2024,Table Tennis,South Paris Arena 4,2024-07-31,10:00:00,13:00:00,Men's/Women's Singles Round 2,TTE11
Paris 2024,Table Tennis,South Paris Arena 4,2024-07-31,15:00:00,18:00:00,Men's/Women's Singles Round 3,TTE12
Paris 2024,Table Tennis,South Paris Arena 4,2024-07-31,20:00:00,23:00:00,Men's/Women's Singles Round 3,TTE13
Paris 2024,Table Tennis,South Paris Arena 4,2024-08-01,10:00:00,13:00:00,Women's Singles QF Match 1 / Men's Singles QF Match 1,TTE14
Paris 2024,Table Tennis,South Paris Arena 4,2024-08-01,15:00:00,18:00:00,Women's Singles QF Match 3 / Men's Singles QF Match 2,TTE15
Paris 2024,Table Tennis,South Paris Arena 4,2024-08-01,20:00:00,22:00:00,Women's Singles QF Match 4 / Men's Singles QF Match 4,TTE16
Paris 2024,Table Tennis,South Paris Arena 4,2024-08-02,10:00:00,12:00:00,Women's Singles SF Match 1 / Men's Singles SF Match 1,TTE17
Paris 2024,Table Tennis,South Paris Arena 4,2024-08-02,13:30:00,15:30:00,Women's Singles SF Match 2 / Men's Singles SF Match 2,TTE18
Paris 2024,Table Tennis,South Paris Arena 4,2024-08-03,13:30:00,16:00:00,Women's Singles Bronze Medal / Women's Singles Final,TTE19
Paris 2024,Table Tennis,South Paris Arena 4,2024-08-04,13:30:00,16:00:00,Men's Singles Bronze Medal / Men's Singles Final,TTE20
Paris 2024,Table Tennis,South Paris Arena 4,2024-08-05,10:00:00,13:00:00,Men's/Women's Team rd of 16 Match 1-2,TTE21
Paris 2024,Table Tennis,South Paris Arena 4,2024-08-05,15:00:00,18:00:00,Men's/Women's Team rd of 16 Match 3-4,TTE22
Paris 2024,Table Tennis,South Paris Arena 4,2024-08-05,20:00:00,23:00:00,Men's/Women's Team rd of 16 Match 5-6,TTE23
Paris 2024,Table Tennis,South Paris Arena 4,2024-08-06,10:00:00,13:00:00,Men's/Women's Team rd of 16 Match 7-8,TTE24
Paris 2024,Table Tennis,South Paris Arena 4,2024-08-06,15:00:00,18:00:00,Men's/Women's Team QF Match 1,TTE25
Paris 2024,Table Tennis,South Paris Arena 4,2024-08-06,20:00:00,23:00:00,Men's/Women's Team QF Match 2,TTE26
Paris 2024,Table Tennis,South Paris Arena 4,2024-08-07,10:00:00,13:00:00,Men's/Women's Team QF Match 3,TTE27
Paris 2024,Table Tennis,South Paris Arena 4,2024-08-07,15:00:00,18:00:00,Men's/Women's Team QF Match 4,TTE28
Paris 2024,Table Tennis,South Paris Arena 4,2024-08-07,20:00:00,23:00:00,Men's Team SF Match 1,TTE29
Paris 2024,Table Tennis,South Paris Arena 4,2024-08-08,10:00:00,13:00:00,Men's Team SF Match 2,TTE30
Paris 2024,Table Tennis,South Paris Arena 4,2024-08-08,15:00:00,18:00:00,Women's Team SF Match 1,TTE31
Paris 2024,Table Tennis,South Paris Arena 4,2024-08-08,20:00:00,23:00:00,Women's Team SF Match 2,TTE32
Paris 2024,Table Tennis,South Paris Arena 4,2024-08-09,10:00:00,13:00:00,Men's Team Bronze Medal,TTE33
Paris 2024,Table Tennis,South Paris Arena 4,2024-08-09,15:00:00,18:30:00,Men's Team Final,TTE34
Paris 2024,Table Tennis,South Paris Arena 4,2024-08-10,10:00:00,13:00:00,Women's Team Bronze Medal,TTE35
Paris 2024,Table Tennis,South Paris Arena 4,2024-08-10,15:00:00,18:30:00,Women's Team Final,TTE36
Paris 2024,Taekwondo,Grand Palais,2024-08-07,09:00:00,12:30:00,Women -49kg / Men -58kg Qualification Contests,TKW01
Paris 2024,Taekwondo,Grand Palais,2024-08-07,14:30:00,17:30:00,Women -49kg / Men -58kg Quaterfinals & Semifinals,TKW02
Paris 2024,Taekwondo,Grand Palais,2024-08-07,19:30:00,23:00:00,Women -49kg / Men -58kg Repechages / Women -49kg / Men -58kg Bronze medals Contests / Women -49kg Gold Medal Contest / Men -58kg Gold Medal Contest,TKW03
Paris 2024,Taekwondo,Grand Palais,2024-08-08,09:00:00,12:30:00,Men -68kg / Women -57kg Qualification Contests,TKW04
Paris 2024,Taekwondo,Grand Palais,2024-08-08,14:30:00,17:30:00,Men -68kg / Women -57kg Quaterfinals & Semifinals,TKW05
Paris 2024,Taekwondo,Grand Palais,2024-08-08,19:30:00,23:00:00,Men -68kg / Women -57kg Repechages / Men -68kg / Women -57kg Bronze medals Contests / Men -68kg Gold Medal Contest / Women -57kg Gold Medal Contest,TKW06
Paris 2024,Taekwondo,Grand Palais,2024-08-09,09:00:00,12:30:00,Women -67kg / Men -80kg Qualification Contests,TKW07
Paris 2024,Taekwondo,Grand Palais,2024-08-09,14:30:00,17:30:00,Women -67kg / Men -80kg Quaterfinals & Semifinals,TKW08
Paris 2024,Taekwondo,Grand Palais,2024-08-09,19:30:00,23:00:00,Women -67kg / Men -80kg Repechages / Women -67kg / Men -80kg Bronze medals Contests / Women -67kg Gold Medal Contest / Men -80kg Gold Medal Contest,TKW09
Paris 2024,Taekwondo,Grand Palais,2024-08-10,09:00:00,12:30:00,Men +80kg / Women +67kg Qualification Contests,TKW10
Paris 2024,Taekwondo,Grand Palais,2024-08-10,14:30:00,17:30:00,Men +80kg / Women +67kg Quaterfinals & Semifinals,TKW11
Paris 2024,Taekwondo,Grand Palais,2024-08-10,19:30:00,23:00:00,Men +80kg / Women +67kg Repechages / Men +80kg / Women +67kg Bronze medals Contests / Men +80kg Gold Medal Contest / Women +67kg Gold Medal Contest,TKW12
Paris 2024,Tennis,Roland-Garros Stadium - Ph.Chatrier,2024-07-27,12:00:00,17:00:00,Men's Singles First Round/Women's Singles First Round,TEN01
Paris 2024,Tennis,Roland-Garros Stadium - S. Lenglen,2024-07-27,12:00:00,19:00:00,Men's Singles First Round/Women's Singles First Round/Men's Doubles First Round/Women's Doubles First Round,TEN02
Paris 2024,Tennis,Roland-Garros Stadium - S.Mathieu,2024-07-27,12:00:00,19:00:00,Men's Singles First Round/Women's Singles First Round/Men's Doubles First Round/Women's Doubles First Round,TEN03
Paris 2024,Tennis,Roland-Garros Stadium - Outside courts,2024-07-27,12:00:00,19:00:00,Men's Singles First Round/Women's Singles First Round/Men's Doubles First Round/Women's Doubles First Round,TEN04
Paris 2024,Tennis,Roland-Garros Stadium - Ph. Chatrier,2024-07-27,19:00:00,23:00:00,Men's Singles First Round/Women's Singles First Round,TEN05
Paris 2024,Tennis,Roland-Garros Stadium - Ph. Chatrier,2024-07-28,12:00:00,17:00:00,Men's Singles First Round/Women's Singles First Round,TEN06
Paris 2024,Tennis,Roland-Garros Stadium - S. Lenglen,2024-07-28,12:00:00,19:00:00,Men's Singles First Round/Women's Singles First Round/Men's Doubles First Round/Women's Doubles First Round,TEN07
Paris 2024,Tennis,Roland-Garros Stadium - S.Mathieu,2024-07-28,12:00:00,19:00:00,Men's Singles First Round/Women's Singles First Round/Men's Doubles First Round/Women's Doubles First Round,TEN08
Paris 2024,Tennis,Roland-Garros Stadium - Outside courts,2024-07-28,12:00:00,19:00:00,Men's Singles First Round/Women's Singles First Round/Men's Doubles First Round/Women's Doubles First Round,TEN09
Paris 2024,Tennis,Roland-Garros Stadium - Ph. Chatrier,2024-07-28,19:00:00,23:00:00,Men's Singles First Round/Women's Singles First Round,TEN10
Paris 2024,Tennis,Roland-Garros Stadium - Ph. Chatrier,2024-07-29,12:00:00,17:00:00,Men's Singles Second Round/Women's Singles Second Round,TEN11
Paris 2024,Tennis,Roland-Garros Stadium - S. Lenglen,2024-07-29,12:00:00,19:00:00,Men's Singles Second Round/Women's Singles Second Round/Men's Doubles Second Round/Women's Doubles Second Round/Mixed Doubles First Round,TEN12
Paris 2024,Tennis,Roland-Garros Stadium - S.Mathieu,2024-07-29,12:00:00,19:00:00,Men's Singles Second Round/Women's Singles Second Round/Men's Doubles Second Round/Women's Doubles Second Round/Mixed Doubles First Round,TEN13
Paris 2024,Tennis,Roland-Garros Stadium - Outside courts,2024-07-29,12:00:00,19:00:00,Men's Singles Second Round/Women's Singles Second Round/Men's Doubles Second Round/Women's Doubles Second Round/Mixed Doubles First Round,TEN14
Paris 2024,Tennis,Roland-Garros Stadium - Ph. Chatrier,2024-07-29,19:00:00,23:00:00,Men's Singles Second Round/Women's Singles Second Round,TEN15
Paris 2024,Tennis,Roland-Garros Stadium - Ph. Chatrier,2024-07-30,12:00:00,17:00:00,Men's Singles Second Round/Women's Singles Third Round,TEN16
Paris 2024,Tennis,Roland-Garros Stadium - S. Lenglen,2024-07-30,12:00:00,19:00:00,Men's Singles Second Round/Women's Singles Third Round/Men's Doubles Third Round/Women's Doubles Second Round/Mixed Doubles First Round,TEN17
Paris 2024,Tennis,Roland-Garros Stadium - S.Mathieu,2024-07-30,12:00:00,19:00:00,Men's Singles Second Round/Women's Singles Third Round/Men's Doubles Third Round/Women's Doubles Second Round/Mixed Doubles First Round,TEN18
Paris 2024,Tennis,Roland-Garros Stadium - Outside courts,2024-07-30,12:00:00,19:00:00,Men's Singles Second Round/Women's Singles Third Round/Men's Doubles Third Round/Women's Doubles Second Round/Mixed Doubles First Round,TEN19
Paris 2024,Tennis,Roland-Garros Stadium - Ph. Chatrier,2024-07-30,19:00:00,23:00:00,Men's Singles Second Round/Women's Singles Third Round,TEN20
Paris 2024,Tennis,Roland-Garros Stadium - Ph. Chatrier,2024-07-31,12:00:00,17:00:00,Men's Singles Third Round/Women's Singles Quarterfinals,TEN21
Paris 2024,Tennis,Roland-Garros Stadium - S. Lenglen,2024-07-31,12:00:00,19:00:00,Men's Singles Third Round/Women's Singles Quarterfinals/Men's Doubles Semifinalss/Women's Doubles Quarterfinals/Mixed Doubles Quarterfinals,TEN22
Paris 2024,Tennis,Roland-Garros Stadium - S.Mathieu,2024-07-31,12:00:00,19:00:00,Men's Singles Third Round/Men's Doubles Semifinalss/Women's Doubles Quarterfinals/Mixed Doubles Quarterfinals,TEN23
Paris 2024,Tennis,Roland-Garros Stadium - Outside courts,2024-07-31,12:00:00,19:00:00,Men's Singles Third Round/Women's Doubles Quarterfinals/Mixed Doubles Quarterfinals,TEN24
Paris 2024,Tennis,Roland-Garros Stadium - Ph. Chatrier,2024-07-31,19:00:00,23:00:00,Men's Singles Third Round/Women's Singles Quarterfinals,TEN25
Paris 2024,Tennis,Roland-Garros Stadium - Ph. Chatrier,2024-08-01,12:00:00,17:00:00,Men's Singles Quarterfinals/Women's Singles Semifinals,TEN26
Paris 2024,Tennis,Roland-Garros Stadium - S. Lenglen,2024-08-01,12:00:00,19:00:00,Men's Singles Quarterfinals/Women's Doubles Semifinalss/Mixed Doubles Semifinals,TEN27
Paris 2024,Tennis,Roland-Garros Stadium - S.Mathieu,2024-08-01,12:00:00,19:00:00,Women's Doubles Semifinalss/Mixed Doubles Semifinals,TEN28
Paris 2024,Tennis,Roland-Garros Stadium - Ph. Chatrier,2024-08-01,19:00:00,23:00:00,Men's Singles Quarterfinals/Women's Singles Semifinals,TEN29
Paris 2024,Tennis,Roland-Garros Stadium - Ph. Chatrier,2024-08-02,12:00:00,17:00:00,Men's Singles Semifinals/Women's Singles Bronze Medal Match,TEN30
Paris 2024,Tennis,Roland-Garros Stadium - S. Lenglen,2024-08-02,12:00:00,17:00:00,Men's Doubles Bronze Medal Match/Mixed Doubles Bronze Medal Match,TEN31
Paris 2024,Tennis,Roland-Garros Stadium - Ph. Chatrier,2024-08-02,19:00:00,23:30:00,Men's Singles Semifinals / Mixed Doubles Gold Medal Match,TEN32
Paris 2024,Tennis,Roland-Garros Stadium - Ph. Chatrier,2024-08-03,12:00:00,19:00:00,Men's Singles Bronze Medal Match / Women's Singles Gold Medal Match / Men's Doubles Gold Medal Match,TEN33
Paris 2024,Tennis,Roland-Garros Stadium - Ph. Chatrier,2024-08-04,12:00:00,19:00:00,Women's Doubles Bronze Medal Match / Men's Singles Gold Medal Match / Women's Doubles Gold Medal Match,TEN34
Paris 2024,Triathlon,Pont Alexandre III,2024-07-30,08:00:00,10:30:00,Men's Individual,TRI01
Paris 2024,Triathlon,Pont Alexandre III,2024-07-31,08:00:00,10:40:00,Women's Individual,TRI02
Paris 2024,Triathlon,Pont Alexandre III,2024-08-05,08:00:00,10:10:00,Mixed Relay,TRI03
Paris 2024,Beach Volleyball,Eiffel Tower Stadium,2024-07-27,14:00:00,16:00:00,Preliminary Phase - Women and Men (2 matches),VBV01
Paris 2024,Beach Volleyball,Eiffel Tower Stadium,2024-07-27,18:00:00,20:00:00,Preliminary Phase - Women and Men (2 matches),VBV02
Paris 2024,Beach Volleyball,Eiffel Tower Stadium,2024-07-27,22:00:00,00:00:00,Preliminary Phase - Women and Men (2 matches),VBV03
Paris 2024,Beach Volleyball,Eiffel Tower Stadium,2024-07-28,09:00:00,13:00:00,Preliminary Phase - Women and Men (4 matches),VBV04
Paris 2024,Beach Volleyball,Eiffel Tower Stadium,2024-07-28,15:00:00,18:00:00,Preliminary Phase - Women and Men (3 matches),VBV05
Paris 2024,Beach Volleyball,Eiffel Tower Stadium,2024-07-28,20:00:00,23:00:00,Preliminary Phase - Women and Men (3 matches),VBV06
Paris 2024,Beach Volleyball,Eiffel Tower Stadium,2024-07-29,09:00:00,13:00:00,Preliminary Phase - Women and Men (4 matches),VBV07
Paris 2024,Beach Volleyball,Eiffel Tower Stadium,2024-07-29,15:00:00,18:00:00,Preliminary Phase - Women and Men (3 matches),VBV08
Paris 2024,Beach Volleyball,Eiffel Tower Stadium,2024-07-29,20:00:00,23:00:00,Preliminary Phase - Women and Men (3 matches),VBV09
Paris 2024,Beach Volleyball,Eiffel Tower Stadium,2024-07-30,09:00:00,13:00:00,Preliminary Phase - Women and Men (4 matches),VBV10
Paris 2024,Beach Volleyball,Eiffel Tower Stadium,2024-07-30,15:00:00,18:00:00,Preliminary Phase - Women and Men (3 matches),VBV11
Paris 2024,Beach Volleyball,Eiffel Tower Stadium,2024-07-30,20:00:00,23:00:00,Preliminary Phase - Women and Men (3 matches),VBV12
Paris 2024,Beach Volleyball,Eiffel Tower Stadium,2024-07-31,09:00:00,13:00:00,Preliminary Phase - Women and Men (4 matches),VBV13
Paris 2024,Beach Volleyball,Eiffel Tower Stadium,2024-07-31,15:00:00,18:00:00,Preliminary Phase - Women and Men (3 matches),VBV14
Paris 2024,Beach Volleyball,Eiffel Tower Stadium,2024-07-31,20:00:00,23:00:00,Preliminary Phase - Women and Men (3 matches),VBV15
Paris 2024,Beach Volleyball,Eiffel Tower Stadium,2024-08-01,09:00:00,13:00:00,Preliminary Phase - Women and Men (4 matches),VBV16
Paris 2024,Beach Volleyball,Eiffel Tower Stadium,2024-08-01,15:00:00,18:00:00,Preliminary Phase - Women and Men (3 matches),VBV17
Paris 2024,Beach Volleyball,Eiffel Tower Stadium,2024-08-01,20:00:00,23:00:00,Preliminary Phase - Women and Men (3 matches),VBV18
Paris 2024,Beach Volleyball,Eiffel Tower Stadium,2024-08-02,09:00:00,13:00:00,Preliminary Phase - Women and Men (4 matches),VBV19
Paris 2024,Beach Volleyball,Eiffel Tower Stadium,2024-08-02,15:00:00,18:00:00,Preliminary Phase - Women and Men (3 matches),VBV20
Paris 2024,Beach Volleyball,Eiffel Tower Stadium,2024-08-02,20:00:00,23:00:00,Preliminary Phase - Women and Men (3 matches),VBV21
Paris 2024,Beach Volleyball,Eiffel Tower Stadium,2024-08-03,09:00:00,13:00:00,Preliminary Phase - Women and Men (4 matches),VBV22
Paris 2024,Beach Volleyball,Eiffel Tower Stadium,2024-08-03,16:00:00,19:00:00,Preliminary Phase - Women and Men (2 matches) / Lucky Loser - Women or Men (1 match),VBV23
Paris 2024,Beach Volleyball,Eiffel Tower Stadium,2024-08-03,21:00:00,00:00:00,Lucky Losers - Women and Men (3 matches),VBV24
Paris 2024,Beach Volleyball,Eiffel Tower Stadium,2024-08-04,09:00:00,11:00:00,Round of 16 - Women and Men (2 matches),VBV25
Paris 2024,Beach Volleyball,Eiffel Tower Stadium,2024-08-04,13:00:00,15:00:00,Round of 16 - Women and Men (2 matches),VBV26
Paris 2024,Beach Volleyball,Eiffel Tower Stadium,2024-08-04,17:00:00,19:00:00,Round of 16 - Women and Men (2 matches),VBV27
Paris 2024,Beach Volleyball,Eiffel Tower Stadium,2024-08-04,21:00:00,23:00:00,Round of 16 - Women and Men (2 matches),VBV28
Paris 2024,Beach Volleyball,Eiffel Tower Stadium,2024-08-05,09:00:00,11:00:00,Round of 16 - Women and Men (2 matches),VBV29
Paris 2024,Beach Volleyball,Eiffel Tower Stadium,2024-08-05,13:00:00,15:00:00,Round of 16 - Women and Men (2 matches),VBV30
Paris 2024,Beach Volleyball,Eiffel Tower Stadium,2024-08-05,17:00:00,19:00:00,Round of 16 - Women and Men (2 matches),VBV31
Paris 2024,Beach Volleyball,Eiffel Tower Stadium,2024-08-05,21:00:00,23:00:00,Round of 16 - Women and Men (2 matches),VBV32
Paris 2024,Beach Volleyball,Eiffel Tower Stadium,2024-08-06,17:00:00,19:00:00,Quarterfinals - Women and Men (2 matches),VBV33
Paris 2024,Beach Volleyball,Eiffel Tower Stadium,2024-08-06,21:00:00,23:00:00,Quarterfinals - Women and Men (2 matches),VBV34
Paris 2024,Beach Volleyball,Eiffel Tower Stadium,2024-08-07,17:00:00,19:00:00,Quarterfinals - Women and Men (2 matches),VBV35
Paris 2024,Beach Volleyball,Eiffel Tower Stadium,2024-08-07,21:00:00,23:00:00,Quarterfinals - Women and Men (2 matches),VBV36
Paris 2024,Beach Volleyball,Eiffel Tower Stadium,2024-08-08,17:00:00,19:00:00,Semifinals - Women and Men (2 matches),VBV37
Paris 2024,Beach Volleyball,Eiffel Tower Stadium,2024-08-08,21:00:00,23:00:00,Semifinals - Women and Men (2 matches),VBV38
Paris 2024,Beach Volleyball,Eiffel Tower Stadium,2024-08-09,21:00:00,00:00:00,Bronze Medal Match - Women / Gold Medal Match - Women,VBV39
Paris 2024,Beach Volleyball,Eiffel Tower Stadium,2024-08-10,21:00:00,00:00:00,Bronze Medal Match - Men / Gold Medal Match - Men,VBV40
Paris 2024,Volleyball,South Paris Arena 1,2024-07-27,09:00:00,11:30:00,Men's Preliminary Round,VVO01
Paris 2024,Volleyball,South Paris Arena 1,2024-07-27,13:00:00,15:30:00,Men's Preliminary Round,VVO02
Paris 2024,Volleyball,South Paris Arena 1,2024-07-27,17:00:00,19:30:00,Men's Preliminary Round,VVO03
Paris 2024,Volleyball,South Paris Arena 1,2024-07-27,21:00:00,23:30:00,Men's Preliminary Round,VVO04
Paris 2024,Volleyball,South Paris Arena 1,2024-07-28,09:00:00,11:30:00,Women Preliminary Round,VVO05
Paris 2024,Volleyball,South Paris Arena 1,2024-07-28,13:00:00,15:30:00,Women Preliminary Round,VVO06
Paris 2024,Volleyball,South Paris Arena 1,2024-07-28,17:00:00,19:30:00,Men's Preliminary Round,VVO07
Paris 2024,Volleyball,South Paris Arena 1,2024-07-28,21:00:00,23:30:00,Men's Preliminary Round,VVO08
Paris 2024,Volleyball,South Paris Arena 1,2024-07-29,09:00:00,11:30:00,Women Preliminary Round,VVO09
Paris 2024,Volleyball,South Paris Arena 1,2024-07-29,13:00:00,15:30:00,Women Preliminary Round,VVO10
Paris 2024,Volleyball,South Paris Arena 1,2024-07-29,17:00:00,19:30:00,Women Preliminary Round,VVO11
Paris 2024,Volleyball,South Paris Arena 1,2024-07-29,21:00:00,23:30:00,Women Preliminary Round,VVO12
Paris 2024,Volleyball,South Paris Arena 1,2024-07-30,09:00:00,11:30:00,Men's Preliminary Round,VVO13
Paris 2024,Volleyball,South Paris Arena 1,2024-07-30,13:00:00,15:30:00,Men's Preliminary Round,VVO14
Paris 2024,Volleyball,South Paris Arena 1,2024-07-30,17:00:00,19:30:00,Men's Preliminary Round,VVO15
Paris 2024,Volleyball,South Paris Arena 1,2024-07-30,21:00:00,23:30:00,Men's Preliminary Round,VVO16
Paris 2024,Volleyball,South Paris Arena 1,2024-07-31,09:00:00,11:30:00,Men's Preliminary Round,VVO17
Paris 2024,Volleyball,South Paris Arena 1,2024-07-31,13:00:00,15:30:00,Men's Preliminary Round,VVO18
Paris 2024,Volleyball,South Paris Arena 1,2024-07-31,17:00:00,19:30:00,Women Preliminary Round,VVO19
Paris 2024,Volleyball,South Paris Arena 1,2024-07-31,21:00:00,23:30:00,Women Preliminary Round,VVO20
Paris 2024,Volleyball,South Paris Arena 1,2024-08-01,09:00:00,11:30:00,Women Preliminary Round,VVO21
Paris 2024,Volleyball,South Paris Arena 1,2024-08-01,13:00:00,15:30:00,Women Preliminary Round,VVO22
Paris 2024,Volleyball,South Paris Arena 1,2024-08-01,17:00:00,19:30:00,Women Preliminary Round,VVO23
Paris 2024,Volleyball,South Paris Arena 1,2024-08-01,21:00:00,23:30:00,Women Preliminary Round,VVO24
Paris 2024,Volleyball,South Paris Arena 1,2024-08-02,09:00:00,11:30:00,Men's Preliminary Round,VVO25
Paris 2024,Volleyball,South Paris Arena 1,2024-08-02,13:00:00,15:30:00,Men's Preliminary Round,VVO26
Paris 2024,Volleyball,South Paris Arena 1,2024-08-02,17:00:00,19:30:00,Men's Preliminary Round,VVO27
Paris 2024,Volleyball,South Paris Arena 1,2024-08-02,21:00:00,23:30:00,Men's Preliminary Round,VVO28
Paris 2024,Volleyball,South Paris Arena 1,2024-08-03,09:00:00,11:30:00,Women Preliminary Round,VVO29
Paris 2024,Volleyball,South Paris Arena 1,2024-08-03,13:00:00,15:30:00,Women Preliminary Round,VVO30
Paris 2024,Volleyball,South Paris Arena 1,2024-08-03,17:00:00,19:30:00,Men's Preliminary Round,VVO31
Paris 2024,Volleyball,South Paris Arena 1,2024-08-03,21:00:00,23:30:00,Men's Preliminary Round,VVO32
Paris 2024,Volleyball,South Paris Arena 1,2024-08-04,09:00:00,11:30:00,Women Preliminary Round,VVO33
Paris 2024,Volleyball,South Paris Arena 1,2024-08-04,13:00:00,15:30:00,Women Preliminary Round,VVO34
Paris 2024,Volleyball,South Paris Arena 1,2024-08-04,17:00:00,19:30:00,Women Preliminary Round,VVO35
Paris 2024,Volleyball,South Paris Arena 1,2024-08-04,21:00:00,23:30:00,Women Preliminary Round,VVO36
Paris 2024,Volleyball,South Paris Arena 1,2024-08-05,09:00:00,11:30:00,Men Quarterfinal,VVO37
Paris 2024,Volleyball,South Paris Arena 1,2024-08-05,13:00:00,15:30:00,Men Quarterfinal,VVO38
Paris 2024,Volleyball,South Paris Arena 1,2024-08-05,17:00:00,19:30:00,Men Quarterfinal,VVO39
Paris 2024,Volleyball,South Paris Arena 1,2024-08-05,21:00:00,23:30:00,Men Quarterfinal,VVO40
Paris 2024,Volleyball,South Paris Arena 1,2024-08-06,09:00:00,11:30:00,Women Quarterfinal,VVO41
Paris 2024,Volleyball,South Paris Arena 1,2024-08-06,13:00:00,15:30:00,Women Quarterfinal,VVO42
Paris 2024,Volleyball,South Paris Arena 1,2024-08-06,17:00:00,19:30:00,Women Quarterfinal,VVO43
Paris 2024,Volleyball,South Paris Arena 1,2024-08-06,21:00:00,23:30:00,Women Quarterfinal,VVO44
Paris 2024,Volleyball,South Paris Arena 1,2024-08-07,16:00:00,18:30:00,Men Semifinal,VVO45
Paris 2024,Volleyball,South Paris Arena 1,2024-08-07,20:00:00,22:30:00,Men Semifinal,VVO46
Paris 2024,Volleyball,South Paris Arena 1,2024-08-08,16:00:00,18:30:00,Women Semifinal,VVO47
Paris 2024,Volleyball,South Paris Arena 1,2024-08-08,20:00:00,22:30:00,Women Semifinal,VVO48
Paris 2024,Volleyball,South Paris Arena 1,2024-08-09,16:00:00,18:30:00,Men Bronze medal Match,VVO49
Paris 2024,Volleyball,South Paris Arena 1,2024-08-10,13:00:00,15:45:00,Men Gold medal Match,VVO50
Paris 2024,Volleyball,South Paris Arena 1,2024-08-10,17:15:00,19:45:00,Women Bronze medal Match,VVO51
Paris 2024,Volleyball,South Paris Arena 1,2024-08-11,13:00:00,15:45:00,Women Gold medal Match,VVO52
Paris 2024,Water Polo,Aquatics Centre,2024-07-27,14:00:00,17:00:00,Women's Preliminary Round (2 matches),WPO01
Paris 2024,Water Polo,Aquatics Centre,2024-07-27,18:30:00,21:30:00,Women's Preliminary Round (2 matches),WPO02
Paris 2024,Water Polo,Aquatics Centre,2024-07-28,10:30:00,13:30:00,Men's Preliminary Round (2 matches),WPO03
Paris 2024,Water Polo,Aquatics Centre,2024-07-28,15:00:00,18:00:00,Men's Preliminary Round (2 matches),WPO04
Paris 2024,Water Polo,Aquatics Centre,2024-07-28,19:30:00,22:30:00,Men's Preliminary Round (2 matches),WPO05
Paris 2024,Water Polo,Aquatics Centre,2024-07-29,14:00:00,17:00:00,Women's Preliminary Round (2 matches),WPO06
Paris 2024,Water Polo,Aquatics Centre,2024-07-29,18:30:00,21:30:00,Women's Preliminary Round (2 matches),WPO07
Paris 2024,Water Polo,Aquatics Centre,2024-07-30,10:30:00,13:30:00,Men's Preliminary Round (2 matches),WPO08
Paris 2024,Water Polo,Aquatics Centre,2024-07-30,15:00:00,18:00:00,Men's Preliminary Round (2 matches),WPO09
Paris 2024,Water Polo,Aquatics Centre,2024-07-30,19:30:00,22:30:00,Men's Preliminary Round (2 matches),WPO10
Paris 2024,Water Polo,Aquatics Centre,2024-07-31,14:00:00,17:00:00,Women's Preliminary Round (2 matches),WPO11
Paris 2024,Water Polo,Aquatics Centre,2024-07-31,18:30:00,21:30:00,Women's Preliminary Round (2 matches),WPO12
Paris 2024,Water Polo,Aquatics Centre,2024-08-01,10:30:00,13:30:00,Men's Preliminary Round (2 matches),WPO13
Paris 2024,Water Polo,Aquatics Centre,2024-08-01,15:00:00,18:00:00,Men's Preliminary Round (2 matches),WPO14
Paris 2024,Water Polo,Aquatics Centre,2024-08-01,19:30:00,22:30:00,Men's Preliminary Round (2 matches),WPO15
Paris 2024,Water Polo,Aquatics Centre,2024-08-02,14:00:00,17:00:00,Women's Preliminary Round (2 matches),WPO16
Paris 2024,Water Polo,Aquatics Centre,2024-08-02,18:30:00,21:30:00,Women's Preliminary Round (2 matches),WPO17
Paris 2024,Water Polo,Aquatics Centre,2024-08-03,10:30:00,13:30:00,Men's Preliminary Round (2 matches),WPO18
Paris 2024,Water Polo,Aquatics Centre,2024-08-03,15:00:00,18:00:00,Men's Preliminary Round (2 matches),WPO19
Paris 2024,Water Polo,Aquatics Centre,2024-08-03,19:30:00,22:30:00,Men's Preliminary Round (2 matches),WPO20
Paris 2024,Water Polo,Aquatics Centre,2024-08-04,14:00:00,17:00:00,Women's Preliminary Round (2 matches),WPO21
Paris 2024,Water Polo,Aquatics Centre,2024-08-04,18:30:00,21:30:00,Women's Preliminary Round (2 matches),WPO22
Paris 2024,Water Polo,Paris La Defense Arena,2024-08-05,12:00:00,16:30:00,Men's Preliminary Round (3 matches),WPO23
Paris 2024,Water Polo,Paris La Defense Arena,2024-08-05,18:30:00,23:00:00,Men's Preliminary Round (3 matches),WPO24
Paris 2024,Water Polo,Paris La Defense Arena,2024-08-06,14:00:00,17:00:00,Women's Quarterfinals (2 matches),WPO25
Paris 2024,Water Polo,Paris La Defense Arena,2024-08-06,19:00:00,22:00:00,Women's Quarterfinals (2 matches),WPO26
Paris 2024,Water Polo,Paris La Defense Arena,2024-08-07,14:00:00,17:00:00,Men's Quarterfinals (2 matches),WPO27
Paris 2024,Water Polo,Paris La Defense Arena,2024-08-07,19:00:00,22:00:00,Men's Quarterfinals (2 matches),WPO28
Paris 2024,Water Polo,Paris La Defense Arena,2024-08-08,13:00:00,16:00:00,Women's Classification / Women's Semifinal,WPO29
Paris 2024,Water Polo,Paris La Defense Arena,2024-08-08,18:00:00,21:00:00,Women's Classification / Women's Semifinal,WPO30
Paris 2024,Water Polo,Paris La Defense Arena,2024-08-09,13:00:00,16:00:00,Men's Classification / Men's Semifinal,WPO31
Paris 2024,Water Polo,Paris La Defense Arena,2024-08-09,18:00:00,21:00:00,Men's Classification / Men's Semifinal,WPO32
Paris 2024,Water Polo,Paris La Defense Arena,2024-08-10,09:00:00,12:00:00,Women's Classification / Women's Bronze Medal Match,WPO33
Paris 2024,Water Polo,Paris La Defense Arena,2024-08-10,14:00:00,21:00:00,Women's Classification / Women's Gold Medal Match / Men's Classification,WPO34
Paris 2024,Water Polo,Paris La Defense Arena,2024-08-11,09:00:00,12:00:00,Men's Classification / Men's Bronze Medal Match,WPO35
Paris 2024,Water Polo,Paris La Defense Arena,2024-08-11,14:00:00,15:50:00,Men's Gold Medal Match,WPO36
Paris 2024,Weightlifting,South Paris Arena 6,2024-08-07,15:00:00,17:30:00,Men's 61kg,WLF01
Paris 2024,Weightlifting,South Paris Arena 6,2024-08-07,19:30:00,22:00:00,Women's 49kg,WLF02
Paris 2024,Weightlifting,South Paris Arena 6,2024-08-08,15:00:00,17:30:00,Women's 59kg,WLF03
Paris 2024,Weightlifting,South Paris Arena 6,2024-08-08,19:30:00,22:00:00,Men's 73kg,WLF04
Paris 2024,Weightlifting,South Paris Arena 6,2024-08-09,15:00:00,17:30:00,Men's 89kg,WLF05
Paris 2024,Weightlifting,South Paris Arena 6,2024-08-09,19:30:00,22:00:00,Women's 71kg,WLF06
Paris 2024,Weightlifting,South Paris Arena 6,2024-08-10,11:30:00,14:00:00,Men's 102kg,WLF07
Paris 2024,Weightlifting,South Paris Arena 6,2024-08-10,16:00:00,18:30:00,Women's 81kg,WLF08
Paris 2024,Weightlifting,South Paris Arena 6,2024-08-10,20:30:00,23:00:00,Men's +102kg,WLF09
Paris 2024,Weightlifting,South Paris Arena 6,2024-08-11,11:30:00,14:00:00,Women's +81kg,WLF10
Paris 2024,Wrestling,Champs de Mars Arena,2024-08-05,15:00:00,17:00:00,Men's Greco-Roman 60 kg 1/8 Finals / Women's Freestyle 68 kg 1/8 Finals / Men's Greco-Roman 130 kg 1/8 Finals / Men's Greco-Roman 60 kg 1/4 Finals / Women's Freestyle 68 kg 1/4 Finals / Men's Greco-Roman 130 kg 1/4 Finals,WRE01
Paris 2024,Wrestling,Champ de Mars Arena,2024-08-05,21:00:00,22:00:00,Men's Greco-Roman 60 kg Semifinals / Men's Greco-Roman 130 kg Semifinals / Women's Freestyle 68 kg Semifinals,WRE02
Paris 2024,Wrestling,Champs de Mars Arena,2024-08-06,11:00:00,13:30:00,Men's Greco-Roman 60 kg Repechage / Women's Freestyle 68 kg Repechage / Men's Greco-Roman 130 kg Repechage / Men's Greco-Roman 77 kg 1/8 Finals / Women's Freestyle 50 kg 1/8 Finals / Men's Greco-Roman 97 kg 1/8 Finals / Men's Greco-Roman 77 kg 1/4 Finals / Women's Freestyle 50 kg 1/4 Finals / Men's Greco-Roman 97 kg 1/4 Finals,WRE03
Paris 2024,Wrestling,Champ de Mars Arena,2024-08-06,18:15:00,22:00:00,Men's Greco-Roman 77 kg Semifinals / Men's Greco-Roman 97 kg Semifinals / Women's Freestyle 50 kg Semifinals / Men's Greco-Roman 60 kg Bronze / Men's Greco-Roman 60 kg Gold Medal / Men's Greco-Roman 130 kg Bronze / Men's Greco-Roman 130 kg Gold Medal / Women's Freestyle 68 kg Bronze / Women's Freestyle 68 kg Gold Medal,WRE04
Paris 2024,Wrestling,Champs de Mars Arena,2024-08-07,11:00:00,13:30:00,Men's Greco-Roman 77 kg Repechage / Women's Freestyle 50 kg Repechage / Men's Greco-Roman 97 kg Repechage / Men's Greco-Roman 67 kg 1/8 Finals / Women's Freestyle 53 kg 1/8 Finals / Men's Greco-Roman 87 kg 1/8 Finals / Men's Greco-Roman 67 kg 1/4 Finals / Women's Freestyle 53 kg 1/4 Finals / Men's Greco-Roman 87 kg 1/4 Finals / Session WRE6 Start: 18:15 End: 22:00 Champ de Mars Arena / Men's Greco-Roman 67 kg Semifinals / Men's Greco-Roman 87 kg Semifinals / Women's Freestyle 53 kg Semifinals / Men's Greco-Roman 77 kg Bronze / Men's Greco-Roman 77 kg Gold Medal / Men's Greco-Roman 97 kg Bronze / Men's Greco-Roman 97 kg Gold Medal / Women's Freestyle 50 kg Bronze / Women's Freestyle 50 kg Gold Medal,WRE05
Paris 2024,Wrestling,Champs de Mars Arena,2024-08-08,11:00:00,13:30:00,Men's Greco-Roman 67 kg Repechage / Women's Freestyle 53 kg Repechage / Men's Greco-Roman 87 kg Repechage / Men's Freestyle 57 kg 1/8 Finals / Women's Freestyle 57 kg 1/8 Finals / Men's Freestyle 86 kg 1/8 Finals / Men's Freestyle 57 kg 1/4 Finals / Women's Freestyle 57 kg 1/4 Finals / Men's Freestyle 86 kg 1/4 Finals,WRE07
Paris 2024,Wrestling,Champ de Mars Arena,2024-08-08,18:15:00,22:00:00,Men's Freestyle 57 kg Semifinals / Men's Freestyle 86 kg Semifinals / Women's Freestyle 57 kg Semifinals / Men's Greco-Roman 67 kg Bronze / Men's Greco-Roman 67 kg Gold Medal / Men's Greco-Roman 87 kg Bronze / Men's Greco-Roman 87 kg Gold Medal / Women's Freestyle 53 kg Bronze / Women's Freestyle 53 kg Gold Medal,WRE08
Paris 2024,Wrestling,Champs de Mars Arena,2024-08-09,11:00:00,13:30:00,Men's Freestyle 57 kg Repechage / Women's Freestyle 57 kg Repechage / Men's Freestyle 86 kg Repechage / Men's Freestyle 74 kg 1/8 Finals / Women's Freestyle 62 kg 1/8 Finals / Men's Freestyle 125 kg 1/8 Finals / Men's Freestyle 74 kg 1/4 Finals / Women's Freestyle 62 kg 1/4 Finals / Men's Freestyle 125 kg 1/4 Finals,WRE09
Paris 2024,Wrestling,Champ de Mars Arena,2024-08-09,18:15:00,22:00:00,Men's Freestyle 74 kg Semifinals / Men's Freestyle 125 kg Semifinals / Women's Freestyle 62 kg Semifinals / Men's Freestyle 57 kg Bronze / Men's Freestyle 57 kg Gold Medal / Men's Freestyle 86 kg Bronze / Men's Freestyle 86 kg Gold Medal / Women's Freestyle 57 kg Bronze / Women's Freestyle 57 kg Gold Medal,WRE10
Paris 2024,Wrestling,Champs de Mars Arena,2024-08-10,11:00:00,13:30:00,Men's Freestyle 74 kg Repechage / Women's Freestyle 62 kg Repechage / Men's Freestyle 125 kg Repechage / Men's Freestyle 65 kg 1/8 Finals / Women's Freestyle 76 kg 1/8 Finals / Men's Freestyle 97 kg 1/8 Finals / Men's Freestyle 65 kg 1/4 Finals / Women's Freestyle 76 kg 1/4 Finals / Men's Freestyle 97 kg 1/4 Finals,WRE11
Paris 2024,Wrestling,Champ de Mars Arena,2024-08-10,18:15:00,22:00:00,Men's Freestyle 65 kg Semifinals / Men's Freestyle 97 kg Semifinals / Women's Freestyle 76 kg Semifinals / Men's Freestyle 74 kg Bronze / Men's Freestyle 74 kg Gold Medal / Men's Freestyle 125 kg Bronze / Men's Freestyle 125 kg Gold Medal / Women's Freestyle 62 kg Bronze / Women's Freestyle 62 kg Gold Medal,WRE12
Paris 2024,Wrestling,Champs de Mars Arena,2024-08-11,11:00:00,14:30:00,Men's Freestyle 65 kg Repechage / Women's Freestyle 76 kg Repechage / Men's Freestyle 97 kg Repechage / Men's Freestyle 65 kg Bronze / Men's Freestyle 65 kg Gold Medal / Men's Freestyle 97 kg Bronze / Men's Freestyle 97 kg Gold Medal / Women's Freestyle 76 kg Bronze / Women's Freestyle 76 kg Gold Medal,WRE13
Tokyo 2020,Opening and Closing Ceremonies,Olympic Stadium,2021-07-23,20:00:00,23:00:00,EVENT Opening Ceremony,
Tokyo 2020,Opening and Closing Ceremonies,Olympic Stadium,2021-08-08,20:00:00,23:00:00,Closing Ceremony,
Tokyo 2020,3x3 Basketball,Aomi Urban Sports Park,2021-07-24,10:15:00,12:25:00,Women's Pool Round (2 games) / Men's Pool Round (2 games),
Tokyo 2020,3x3 Basketball,Aomi Urban Sports Park,2021-07-24,14:00:00,15:50:00,Women's Pool Round (2 games) / Men's Pool Round (2 games),
Tokyo 2020,3x3 Basketball,Aomi Urban Sports Park,2021-07-24,17:30:00,19:30:00,Women's Pool Round (2 games) / Men's Pool Round (2 games),
Tokyo 2020,3x3 Basketball,Aomi Urban Sports Park,2021-07-24,21:00:00,22:50:00,Women's Pool Round (2 games) / Men's Pool Round (2 games),
Tokyo 2020,3x3 Basketball,Aomi Urban Sports Park,2021-07-25,10:15:00,12:25:00,Women's Pool Round (2 games) / Men's Pool Round (2 games),
Tokyo 2020,3x3 Basketball,Aomi Urban Sports Park,2021-07-25,14:00:00,15:50:00,Women's Pool Round (2 games) / Men's Pool Round (2 games),
Tokyo 2020,3x3 Basketball,Aomi Urban Sports Park,2021-07-25,17:30:00,19:30:00,Women's Pool Round (2 games) / Men's Pool Round (2 games),
Tokyo 2020,3x3 Basketball,Aomi Urban Sports Park,2021-07-25,21:00:00,22:50:00,Women's Pool Round (2 games) / Men's Pool Round (2 games),
Tokyo 2020,3x3 Basketball,Aomi Urban Sports Park,2021-07-26,10:15:00,12:25:00,Women's Pool Round (2 games) / Men's Pool Round (2 games),
Tokyo 2020,3x3 Basketball,Aomi Urban Sports Park,2021-07-26,14:00:00,15:50:00,Women's Pool Round (2 games) / Men's Pool Round (2 games),
Tokyo 2020,3x3 Basketball,Aomi Urban Sports Park,2021-07-26,17:30:00,19:30:00,Women's Pool Round (2 games) / Men's Pool Round (2 games),
Tokyo 2020,3x3 Basketball,Aomi Urban Sports Park,2021-07-26,21:00:00,22:50:00,Women's Pool Round (2 games) / Men's Pool Round (2 games),
Tokyo 2020,3x3 Basketball,Aomi Urban Sports Park,2021-07-27,13:30:00,15:30:00,Women's Pool Round (2 games) / Men's Pool Round (2 games),
Tokyo 2020,3x3 Basketball,Aomi Urban Sports Park,2021-07-27,17:00:00,18:50:00,Women's Pool Round (2 games) / Men's Pool Round (2 games),
Tokyo 2020,3x3 Basketball,Aomi Urban Sports Park,2021-07-27,20:30:00,22:50:00,Women's Quarterfinals (2 games) / Men's Quarterfinals (2 games),
Tokyo 2020,3x3 Basketball,Aomi Urban Sports Park,2021-07-28,17:00:00,19:10:00,Women's Semifinals (2 games) / Men's Semifinals (2 games) Women's Bronze Medal Game /,
Tokyo 2020,3x3 Basketball,Aomi Urban Sports Park,2021-07-28,20:45:00,23:25:00,Men's Bronze Medal Game / Women's Gold Medal Game / Men's Gold Medal Game / Women's Victory Ceremony /,
Tokyo 2020,Archery,Yumenoshima Park Archery Field,2021-07-23,09:00:00,11:00:00,Men's Victory Ceremony Women's Individual Ranking Round *Session tickets not for sale,
Tokyo 2020,Archery,Yumenoshima Park Archery Field,2021-07-23,13:00:00,15:00:00,Men's Individual Ranking Round *Session tickets not for sale,
Tokyo 2020,Archery,Yumenoshima Park Archery Field,2021-07-24,09:30:00,12:05:00,Mixed Team 1/8 Eliminations Mixed Team Quarterfinals /,
Tokyo 2020,Archery,Yumenoshima Park Archery Field,2021-07-24,14:15:00,17:25:00,Mixed Team Semifinals / Mixed Team Bronze Medal Match / Mixed Team Gold Medal Match /,
Tokyo 2020,Archery,Yumenoshima Park Archery Field,2021-07-25,09:30:00,11:05:00,Mixed Team Victory Ceremony Women's Team 1/8 Eliminations Women's Team Quarterfinals /,
Tokyo 2020,Archery,Yumenoshima Park Archery Field,2021-07-25,13:45:00,17:25:00,Women's Team Semifinals / Women's Team Bronze Medal Match / Women's Team Gold Medal Match /,
Tokyo 2020,Archery,Yumenoshima Park Archery Field,2021-07-26,09:30:00,11:05:00,Women's Team Victory Ceremony Men's Team 1/8 Eliminations Men's Team Quarterfinals /,
Tokyo 2020,Archery,Yumenoshima Park Archery Field,2021-07-26,13:45:00,17:25:00,Men's Team Semifinals / Men's Team Bronze Medal Match / Men's Team Gold Medal Match /,
Tokyo 2020,Archery,Yumenoshima Park Archery Field,2021-07-27,09:30:00,13:25:00,Men's Team Victory Ceremony Men's Individual 1/32 & 1/16 Eliminations / Women's Individual 1/32 & 1/16 Eliminations,
Tokyo 2020,Archery,Yumenoshima Park Archery Field,2021-07-27,16:00:00,19:55:00,Men's Individual 1/32 & 1/16 Eliminations / Women's Individual 1/32 & 1/16 Eliminations,
Tokyo 2020,Archery,Yumenoshima Park Archery Field,2021-07-28,09:30:00,13:25:00,Men's Individual 1/32 & 1/16 Eliminations / Women's Individual 1/32 & 1/16 Eliminations,
Tokyo 2020,Archery,Yumenoshima Park Archery Field,2021-07-28,16:00:00,18:40:00,Men's Individual 1/32 & 1/16 Eliminations / Women's Individual 1/32 & 1/16 Eliminations,
Tokyo 2020,Archery,Yumenoshima Park Archery Field,2021-07-29,09:30:00,13:25:00,Men's Individual 1/32 & 1/16 Eliminations / Women's Individual 1/32 & 1/16 Eliminations,
Tokyo 2020,Archery,Yumenoshima Park Archery Field,2021-07-29,16:00:00,18:40:00,Men's Individual 1/32 & 1/16 Eliminations / Women's Individual 1/32 & 1/16 Eliminations,
Tokyo 2020,Archery,Yumenoshima Park Archery Field,2021-07-30,09:30:00,11:15:00,Women's Individual 1/8 Eliminations Women's Individual Quarterfinals /,
Tokyo 2020,Archery,Yumenoshima Park Archery Field,2021-07-30,14:45:00,17:20:00,Women's Individual Semifinals / Women's Individual Bronze Medal Match / Women's Individual Gold Medal Match /,
Tokyo 2020,Archery,Yumenoshima Park Archery Field,2021-07-31,09:30:00,11:15:00,Women's Individual Victory Ceremony Men's Individual 1/8 Eliminations Men's Individual Quarterfinals /,
Tokyo 2020,Archery,Yumenoshima Park Archery Field,2021-07-31,14:45:00,17:20:00,Men's Individual Semifinals / Men's Individual Bronze Medal Match / Men's Individual Gold Medal Match /,
Tokyo 2020,Artistic Gymnastics,Ariake Gymnastics Centre,2021-07-24,10:00:00,12:30:00,Men's Individual Victory Ceremony Men's Qualification,
Tokyo 2020,Artistic Gymnastics,Ariake Gymnastics Centre,2021-07-24,14:30:00,17:00:00,Men's Qualification,
Tokyo 2020,Artistic Gymnastics,Ariake Gymnastics Centre,2021-07-24,19:30:00,22:00:00,Men's Qualification,
Tokyo 2020,Artistic Gymnastics,Ariake Gymnastics Centre,2021-07-25,10:00:00,13:35:00,Women's Qualification,
Tokyo 2020,Artistic Gymnastics,Ariake Gymnastics Centre,2021-07-25,15:10:00,18:45:00,Women's Qualification,
Tokyo 2020,Artistic Gymnastics,Ariake Gymnastics Centre,2021-07-25,20:20:00,22:00:00,EVENT Women's Qualification,
Tokyo 2020,Artistic Gymnastics,Ariake Gymnastics Centre,2021-07-26,19:00:00,22:00:00,Men's Team Final / Men's Team Victory Ceremony,
Tokyo 2020,Artistic Gymnastics,Ariake Gymnastics Centre,2021-07-27,19:45:00,22:00:00,Women's Team Final / Women's Team Victory Ceremony,
Tokyo 2020,Artistic Gymnastics,Ariake Gymnastics Centre,2021-07-28,19:15:00,22:00:00,Men's Individual All-Around Final / Men's Individual All-Around Victory Ceremony,
Tokyo 2020,Artistic Gymnastics,Ariake Gymnastics Centre,2021-07-29,19:50:00,22:00:00,Women's Individual All-Around Final / Women's Individual All-Around Victory Ceremony Men's Floor Exercise Final /,
Tokyo 2020,Artistic Gymnastics,Ariake Gymnastics Centre,2021-08-01,17:00:00,20:00:00,Men's Floor Exercise Victory Ceremony / Women's Vault Final / Women's Vault Victory Ceremony / Men's Pommel Horse Final / Men's Pommel Horse Victory Ceremony / Women's Uneven Bars Final / Women's Uneven Bars Victory Ceremony,
Tokyo 2020,Artistic Gymnastics,Ariake Gymnastics Centre,2021-08-02,17:00:00,19:15:00,Men's Rings Final / Men's Rings Victory Ceremony / Women's Floor Exercise Final / Women's Floor Exercise Victory Ceremony / Men's Vault Final / Men's Vault Victory Ceremony,
Tokyo 2020,Artistic Gymnastics,Ariake Gymnastics Centre,2021-08-03,17:00:00,19:15:00,Men's Parallel Bars Final / Men's Parallel Bars Victory Ceremony / Women's Balance Beam Final / Women's Balance Beam Victory Ceremony / Men's Horizontal Bar Final /,
Tokyo 2020,Artistic Swimming,Tokyo Aquatics Centre,2021-08-02,19:30:00,21:30:00,Men's Horizontal Bar Victory Ceremony Duet Free Routine Preliminary,
Tokyo 2020,Artistic Swimming,Tokyo Aquatics Centre,2021-08-03,19:30:00,21:00:00,Duet Technical Routine,
Tokyo 2020,Artistic Swimming,Tokyo Aquatics Centre,2021-08-04,19:30:00,21:00:00,Duet Free Routine Final / Duet Victory Ceremony,
Tokyo 2020,Artistic Swimming,Tokyo Aquatics Centre,2021-08-06,19:30:00,21:00:00,Team Technical Routine,
Tokyo 2020,Artistic Swimming,Tokyo Aquatics Centre,2021-08-07,19:30:00,21:10:00,Team Free Routine / Team Victory Ceremony Men's 3000m Steeplechase Round 1 /,
Tokyo 2020,Athletics,Olympic Stadium,2021-07-30,09:00:00,12:30:00,Men's High Jump Qualifying Round / Men's Discus Throw Qualifying Round / Women's 800m Round 1 / Men's 400m Hurdles Round 1 / Women's 100m Round 1,
Tokyo 2020,Athletics,Olympic Stadium,2021-07-30,19:00:00,21:00:00,"Women's 5000m Round 1 / Women's Triple Jump Qualifying Round / Women's Shot Put Qualifying Round / Mixed 4 x 400m Relay Round 1 / Men's 10,000m Final",
Tokyo 2020,Athletics,Olympic Stadium,2021-07-31,09:00:00,12:00:00,Women's 400m Hurdles Round 1 / Women's Discus Throw Qualifying Round / Men's Pole Vault Qualifying Round / Men's 800m Round 1 / Women's 100m Hurdles Qualifying Round / Men's 100m Preliminary Round,
Tokyo 2020,Athletics,Olympic Stadium,2021-07-31,19:00:00,21:55:00,"Men's 10,000m Victory Ceremony / Men's Long Jump Qualifying Round / Women's 100m Semifinals / Men's 100m Round 1 / Men's Discus Throw Final / Women's 800m Semifinals / Mixed 4 x 400m Relay Final / Women's 100m Final",
Tokyo 2020,Athletics,Olympic Stadium,2021-08-01,09:10:00,12:00:00,Women's Hammer Throw Qualifying Round / Women's 3000m Steeplechase Round 1 / Women's Long Jump Qualifying Round / Men's Discus Throw Victory Ceremony / Women's Shot Put Final / Men's 400m Round 1 / Mixed 4 x 400m Relay Victory Ceremony Women's 100m Victory Ceremony /,
Tokyo 2020,Athletics,Olympic Stadium,2021-08-01,19:00:00,21:55:00,Men's High Jump Final / Men's 100m Semifinals / Women's 100m Hurdles Semifinals / Women's Shot Put Victory Ceremony / Women's Triple Jump Final / Men's 800m Semifinals / Men's 400m Hurdles Semifinals / Men's High Jump Victory Ceremony /,
Tokyo 2020,Athletics,Olympic Stadium,2021-08-02,09:00:00,11:55:00,Men's 100m Final Men's Hammer Throw Qualifying Round / Women's 1500m Round 1 / Women's Triple Jump Victory Ceremony / Men's Long Jump Final / Women's 200m Round 1 / Women's 100m Hurdles Final,
Tokyo 2020,Athletics,Olympic Stadium,2021-08-02,19:00:00,22:00:00,EVENT Men's 100m Victory Ceremony / Men's Long Jump Victory Ceremony / Women's Pole Vault Qualifying Round / Women's 200m Semifinals / Women's 100m Hurdles Victory Ceremony / Women's Discus Throw Final / Men's 400m Semifinals / Women's 400m Hurdles Semifinals / Men's 3000m Steeplechase Final / Women's 5000m Final,
Tokyo 2020,Athletics,Olympic Stadium,2021-08-03,09:00:00,12:35:00,Men's Triple Jump Qualifying Round / Men's 1500m Round 1 / Women's Javelin Throw Qualifying Round / Women's 400m Round 1 / Women's Discus Throw Victory Ceremony / Men's 3000m Steeplechase Victory Ceremony / Women's Long Jump Final / Men's 200m Round 1 / Men's 400m Hurdles Final / Women's 5000m Victory Ceremony,
Tokyo 2020,Athletics,Olympic Stadium,2021-08-03,19:00:00,21:55:00,Women's Long Jump Victory Ceremony / Men's 110m Hurdles Round 1 / Men's Shot Put Qualifying Round / Men's Pole Vault Final / Men's 400m Hurdles Victory Ceremony / Men's 5000m Round 1 / Women's Hammer Throw Final / Men's 200m Semifinals / Women's 800m Final / Women's 200m Final,
Tokyo 2020,Athletics,Olympic Stadium,2021-08-04,09:00:00,12:25:00,Men's Decathlon 100m / Men's Javelin Throw Qualifying Round / Women's Heptathlon 100m Hurdles / Men's Decathlon Long Jump / Men's Pole Vault Victory Ceremony / Women's Heptathlon High Jump / Women's Hammer Throw Victory Ceremony / Women's 800m Victory Ceremony / Men's 110m Hurdles Semifinals / Women's 400m Hurdles Final / Men's Decathlon Shot Put / Women's 400m Hurdles Victory Ceremony,
Tokyo 2020,Athletics,Olympic Stadium,2021-08-04,18:30:00,22:00:00,Men's Decathlon High Jump / Women's 1500m Semifinals / Women's Heptathlon Shot Put / Women's 400m Semifinals / Women's 200m Victory Ceremony / Women's 3000m Steeplechase Final / Men's Hammer Throw Final / Women's Heptathlon 200m / Women's 3000m Steeplechase Victory Ceremony / Men's 800m Final / Men's Decathlon 400m / Men's 200m Final,
Tokyo 2020,Athletics,Olympic Stadium,2021-08-05,09:00:00,15:05:00,Men's Decathlon 110m Hurdles / Women's High Jump Qualifying Round / Men's Hammer Throw Victory Ceremony / Women's Heptathlon Long Jump / Men's Decathlon Discus Throw / Women's 4 x 100m Relay Round 1 / Men's 800m Victory Ceremony / Men's 200m Victory Ceremony / Men's Triple Jump Final / Men's Shot Put Final / Men's 4 x 100m Relay Round 1 /,
Tokyo 2020,Athletics,Sapporo Odori Park,2021-08-05,16:30:00,18:05:00,Men's 110m Hurdles Final / Men's Decathlon Pole Vault / Women's Heptathlon Javelin Throw Men's 20km Race Walk Final / Men's 20km Race Walk Venue Ceremony *Session tickets not for sale Men's Shot Put Victory Ceremony / Men's Triple Jump Victory Ceremony /,
Tokyo 2020,Athletics,Olympic Stadium,2021-08-05,19:00:00,21:45:00,Men's Decathlon Javelin Throw / Women's Pole Vault Final / Women's 4 x 400m Relay Round 1 / Men's 1500m Semifinals / Men's 110m Hurdles Victory Ceremony / Men's 400m Final /,
Tokyo 2020,Athletics,Sapporo Odori Park,2021-08-06,05:30:00,10:00:00,Women's Heptathlon 800m / Men's Decathlon 1500m Men's 50km Race Walk Final / Men's 50km Race Walk Venue Ceremony *Session tickets not for sale,
Tokyo 2020,Athletics,Sapporo Odori Park,2021-08-06,16:30:00,18:15:00,Women's 20km Race Walk Final / Women's 20km Race Walk Venue Ceremony *Session tickets not for sale,
Tokyo 2020,Athletics,Olympic Stadium,2021-08-06,19:50:00,22:55:00,EVENT Men's 20km Race Walk Victory Ceremony / Women's Pole Vault Victory Ceremony / Women's Heptathlon Victory Ceremony / Men's Decathlon Victory Ceremony / Men's 4 x 400m Relay Round 1 / Women's Javelin Throw Final / Men's 5000m Final / Men's 400m Victory Ceremony / Women's 400m Final / Women's 1500m Final / Men's 5000m Victory Ceremony / Women's 400m Victory Ceremony / Women's 4 x 100m Relay Final /,
Tokyo 2020,Athletics,Sapporo Odori Park,2021-08-07,07:00:00,10:15:00,Women's 1500m Victory Ceremony / Men's 4 x 100m Relay Final Women's Marathon Final / Women's Marathon Venue Ceremony *Session tickets not for sale *The victory ceremony of Women's Marathon will take place at the Olympic Stadium during the closing ceremony. Men's 50km Race Walk Victory Ceremony / Women's 20km Race Walk Victory Ceremony / Women's 4 x 100m Relay Victory Ceremony /,
Tokyo 2020,Athletics,Olympic Stadium,2021-08-07,18:50:00,22:20:00,"Men's 4 x 100m Relay Victory Ceremony / Women's High Jump Final / Women's 10,000m Final / Men's Javelin Throw Final / Women's Javelin Throw Victory Ceremony / Men's 1500m Final / Women's 10,000m Victory Ceremony / Men's 1500m Victory Ceremony / Women's 4 x 400m Relay Final / Men's Javelin Throw Victory Ceremony / Men's 4 x 400m Relay Final /",
Tokyo 2020,Athletics,Sapporo Odori Park,2021-08-08,07:00:00,09:45:00,Women's High Jump Victory Ceremony / Women's 4 x 400m Relay Victory Ceremony / Men's 4 x 400m Relay Victory Ceremony Men's Marathon Final / Men's Marathon Venue Ceremony / *Session tickets not for sale *The victory ceremony of Men's Marathon will take place at the Olympic Stadium during the closing ceremony.,
Tokyo 2020,Badminton,Musashino Forest Sport Plaza,2021-07-24,09:00:00,14:30:00,Men's Singles Group Play Stage / Women's Singles Group Play Stage / Men's Doubles Group Play Stage / Women's Doubles Group Play Stage / Mixed Doubles Group Play Stage,
Tokyo 2020,Badminton,Musashino Forest Sport Plaza,2021-07-24,18:00:00,22:00:00,Men's Singles Group Play Stage / Women's Singles Group Play Stage / Men's Doubles Group Play Stage / Women's Doubles Group Play Stage / Mixed Doubles Group Play Stage,
Tokyo 2020,Badminton,Musashino Forest Sport Plaza,2021-07-25,10:00:00,15:30:00,Men's Singles Group Play Stage / Women's Singles Group Play Stage / Men's Doubles Group Play Stage / Women's Doubles Group Play Stage / Mixed Doubles Group Play Stage,
Tokyo 2020,Badminton,Musashino Forest Sport Plaza,2021-07-25,18:00:00,21:30:00,Men's Singles Group Play Stage / Women's Singles Group Play Stage / Men's Doubles Group Play Stage / Women's Doubles Group Play Stage / Mixed Doubles Group Play Stage,
Tokyo 2020,Badminton,Musashino Forest Sport Plaza,2021-07-26,10:00:00,15:30:00,Men's Singles Group Play Stage / Women's Singles Group Play Stage / Men's Doubles Group Play Stage / Women's Doubles Group Play Stage / Mixed Doubles Group Play Stage,
Tokyo 2020,Badminton,Musashino Forest Sport Plaza,2021-07-26,18:00:00,21:30:00,Men's Singles Group Play Stage / Women's Singles Group Play Stage / Men's Doubles Group Play Stage / Women's Doubles Group Play Stage / Mixed Doubles Group Play Stage,
Tokyo 2020,Badminton,Musashino Forest Sport Plaza,2021-07-27,10:00:00,15:30:00,Men's Singles Group Play Stage / Women's Singles Group Play Stage / Men's Doubles Group Play Stage / Women's Doubles Group Play Stage,
Tokyo 2020,Badminton,Musashino Forest Sport Plaza,2021-07-27,18:00:00,21:30:00,Men's Singles Group Play Stage / Women's Singles Group Play Stage / Men's Doubles Group Play Stage / Women's Doubles Group Play Stage,
Tokyo 2020,Badminton,Musashino Forest Sport Plaza,2021-07-28,09:00:00,14:30:00,Women's Singles Group Play Stage / Mixed Doubles Quarterfinals,
Tokyo 2020,Badminton,Musashino Forest Sport Plaza,2021-07-28,18:00:00,21:30:00,Men's Singles Group Play Stage,
Tokyo 2020,Badminton,Musashino Forest Sport Plaza,2021-07-29,09:00:00,15:30:00,Mixed Doubles Semifinals / Men's Doubles Quarterfinals / Women's Singles Round of 16,
Tokyo 2020,Badminton,Musashino Forest Sport Plaza,2021-07-29,17:00:00,22:00:00,Men's Singles Round of 16 / Women's Doubles Quarterfinals,
Tokyo 2020,Badminton,Musashino Forest Sport Plaza,2021-07-30,09:00:00,12:30:00,Women's Singles Quarterfinals / Mixed Doubles Bronze Medal Match,
Tokyo 2020,Badminton,Musashino Forest Sport Plaza,2021-07-30,15:30:00,21:30:00,EVENT Mixed Doubles Gold Medal Match / Mixed Doubles Victory Ceremony / Women's Singles Quarterfinals / Men's Doubles Semifinals,
Tokyo 2020,Badminton,Musashino Forest Sport Plaza,2021-07-31,09:00:00,16:00:00,Men's Singles Quarterfinals / Women's Doubles Semifinals,
Tokyo 2020,Badminton,Musashino Forest Sport Plaza,2021-07-31,18:00:00,23:00:00,Women's Singles Semifinals / Men's Doubles Bronze Medal Match / Men's Doubles Gold Medal Match /,
Tokyo 2020,Badminton,Musashino Forest Sport Plaza,2021-08-01,13:00:00,16:00:00,Men's Doubles Victory Ceremony Men's Singles Semifinals,
Tokyo 2020,Badminton,Musashino Forest Sport Plaza,2021-08-01,20:30:00,23:00:00,Women's Singles Bronze Medal Match / Women's Singles Gold Medal Match / Women's Singles Victory Ceremony,
Tokyo 2020,Badminton,Musashino Forest Sport Plaza,2021-08-02,13:00:00,15:30:00,Women's Doubles Bronze Medal Match / Women's Doubles Gold Medal Match / Women's Doubles Victory Ceremony,
Tokyo 2020,Badminton,Musashino Forest Sport Plaza,2021-08-02,20:00:00,23:00:00,Men's Singles Bronze Medal Match / Men's Singles Gold Medal Match / Men's Singles Victory Ceremony,
Tokyo 2020,Baseball/Softball,Fukushima Azuma Baseball Stadium,2021-07-21,09:00:00,17:00:00,"Softball Opening Round, Australia vs Japan / Softball Opening Round, Italy vs United States / Softball Opening Round, Mexico vs Canada",
Tokyo 2020,Baseball/Softball,Fukushima Azuma Baseball Stadium,2021-07-22,09:00:00,17:00:00,"Softball Opening Round, United States vs Canada / Softball Opening Round, Mexico vs Japan / Softball Opening Round, Italy vs Australia",
Tokyo 2020,Baseball/Softball,Yokohama Baseball Stadium,2021-07-24,10:00:00,16:30:00,"Softball Opening Round, Australia vs Canada / Softball Opening Round, United States vs Mexico",
Tokyo 2020,Baseball/Softball,Yokohama Baseball Stadium,2021-07-24,20:00:00,22:00:00,"Softball Opening Round, Japan vs Italy",
Tokyo 2020,Baseball/Softball,Yokohama Baseball Stadium,2021-07-25,10:00:00,16:30:00,"Softball Opening Round, Australia vs United States / Softball Opening Round, Canada vs Japan",
Tokyo 2020,Baseball/Softball,Yokohama Baseball Stadium,2021-07-25,20:00:00,22:00:00,"Softball Opening Round, Italy vs Mexico",
Tokyo 2020,Baseball/Softball,Yokohama Baseball Stadium,2021-07-26,10:00:00,16:30:00,"Softball Opening Round, Japan vs United States / Softball Opening Round, Canada vs Italy",
Tokyo 2020,Baseball/Softball,Yokohama Baseball Stadium,2021-07-26,20:00:00,22:00:00,"Softball Opening Round, Mexico vs Australia",
Tokyo 2020,Baseball/Softball,Yokohama Baseball Stadium,2021-07-27,13:00:00,15:00:00,Softball Bronze Medal Game,
Tokyo 2020,Baseball/Softball,Yokohama Baseball Stadium,2021-07-27,20:00:00,22:30:00,Softball Gold Medal Game / Softball Victory Ceremony,
Tokyo 2020,Baseball/Softball,Fukushima Azuma Baseball Stadium,2021-07-28,12:00:00,15:00:00,Baseball Opening Round,
Tokyo 2020,Baseball/Softball,Yokohama Baseball Stadium,2021-07-29,19:00:00,22:00:00,Baseball Opening Round,
Tokyo 2020,Baseball/Softball,Yokohama Baseball Stadium,2021-07-30,12:00:00,15:00:00,Baseball Opening Round,
Tokyo 2020,Baseball/Softball,Yokohama Baseball Stadium,2021-07-30,19:00:00,22:00:00,Baseball Opening Round,
Tokyo 2020,Baseball/Softball,Yokohama Baseball Stadium,2021-07-31,12:00:00,15:00:00,Baseball Opening Round,
Tokyo 2020,Baseball/Softball,Yokohama Baseball Stadium,2021-07-31,19:00:00,22:00:00,Baseball Opening Round,
Tokyo 2020,Baseball/Softball,Yokohama Baseball Stadium,2021-08-01,12:00:00,15:00:00,Baseball Knockout stage (#1),
Tokyo 2020,Baseball/Softball,Yokohama Baseball Stadium,2021-08-01,19:00:00,22:00:00,Baseball Knockout stage (#2),
Tokyo 2020,Baseball/Softball,Yokohama Baseball Stadium,2021-08-02,12:00:00,15:00:00,Baseball Knockout stage (#3),
Tokyo 2020,Baseball/Softball,Yokohama Baseball Stadium,2021-08-02,19:00:00,22:00:00,Baseball Knockout stage (#4),
Tokyo 2020,Baseball/Softball,Yokohama Baseball Stadium,2021-08-03,19:00:00,22:00:00,Baseball Knockout stage (#5),
Tokyo 2020,Baseball/Softball,Yokohama Baseball Stadium,2021-08-04,12:00:00,15:00:00,Baseball Knockout stage (#6),
Tokyo 2020,Baseball/Softball,Yokohama Baseball Stadium,2021-08-04,19:00:00,22:00:00,Baseball Semifinal (#7),
Tokyo 2020,Baseball/Softball,Yokohama Baseball Stadium,2021-08-05,19:00:00,22:00:00,Baseball Semifinal (#8),
Tokyo 2020,Baseball/Softball,Yokohama Baseball Stadium,2021-08-07,12:00:00,15:00:00,Baseball Bronze Medal Game (#9),
Tokyo 2020,Baseball/Softball,Yokohama Baseball Stadium,2021-08-07,19:00:00,22:30:00,Baseball Gold Medal Game (#10) / Baseball Victory Ceremony,
Tokyo 2020,Basketball,Saitama Super Arena,2021-07-25,10:00:00,12:00:00,Men's Preliminary Round,
Tokyo 2020,Basketball,Saitama Super Arena,2021-07-25,13:40:00,15:40:00,Men's Preliminary Round,
Tokyo 2020,Basketball,Saitama Super Arena,2021-07-25,17:20:00,19:20:00,Men's Preliminary Round,
Tokyo 2020,Basketball,Saitama Super Arena,2021-07-25,21:00:00,23:00:00,Men's Preliminary Round,
Tokyo 2020,Basketball,Saitama Super Arena,2021-07-26,10:00:00,12:00:00,Women's Preliminary Round,
Tokyo 2020,Basketball,Saitama Super Arena,2021-07-26,13:40:00,15:40:00,Men's Preliminary Round,
Tokyo 2020,Basketball,Saitama Super Arena,2021-07-26,17:20:00,19:20:00,Women's Preliminary Round,
Tokyo 2020,Basketball,Saitama Super Arena,2021-07-26,21:00:00,23:00:00,Men's Preliminary Round,
Tokyo 2020,Basketball,Saitama Super Arena,2021-07-27,10:00:00,12:00:00,Women's Preliminary Round,
Tokyo 2020,Basketball,Saitama Super Arena,2021-07-27,13:40:00,15:40:00,Women's Preliminary Round,
Tokyo 2020,Basketball,Saitama Super Arena,2021-07-27,17:20:00,19:20:00,Women's Preliminary Round,
Tokyo 2020,Basketball,Saitama Super Arena,2021-07-27,21:00:00,23:00:00,Women's Preliminary Round,
Tokyo 2020,Basketball,Saitama Super Arena,2021-07-28,10:00:00,12:00:00,Men's Preliminary Round,
Tokyo 2020,Basketball,Saitama Super Arena,2021-07-28,13:40:00,15:40:00,Men's Preliminary Round,
Tokyo 2020,Basketball,Saitama Super Arena,2021-07-28,17:20:00,19:20:00,Men's Preliminary Round,
Tokyo 2020,Basketball,Saitama Super Arena,2021-07-28,21:00:00,23:00:00,Men's Preliminary Round,
Tokyo 2020,Basketball,Saitama Super Arena,2021-07-29,10:00:00,12:00:00,Women's Preliminary Round,
Tokyo 2020,Basketball,Saitama Super Arena,2021-07-29,13:40:00,15:40:00,Men's Preliminary Round,
Tokyo 2020,Basketball,Saitama Super Arena,2021-07-29,17:20:00,19:20:00,Women's Preliminary Round,
Tokyo 2020,Basketball,Saitama Super Arena,2021-07-29,21:00:00,23:00:00,Men's Preliminary Round,
Tokyo 2020,Basketball,Saitama Super Arena,2021-07-30,10:00:00,12:00:00,Women's Preliminary Round,
Tokyo 2020,Basketball,Saitama Super Arena,2021-07-30,13:40:00,15:40:00,Women's Preliminary Round,
Tokyo 2020,Basketball,Saitama Super Arena,2021-07-30,17:20:00,19:20:00,Women's Preliminary Round,
Tokyo 2020,Basketball,Saitama Super Arena,2021-07-30,21:00:00,23:00:00,Women's Preliminary Round,
Tokyo 2020,Basketball,Saitama Super Arena,2021-07-31,10:00:00,12:00:00,Men's Preliminary Round,
Tokyo 2020,Basketball,Saitama Super Arena,2021-07-31,13:40:00,15:40:00,Men's Preliminary Round,
Tokyo 2020,Basketball,Saitama Super Arena,2021-07-31,17:20:00,19:20:00,Men's Preliminary Round,
Tokyo 2020,Basketball,Saitama Super Arena,2021-07-31,21:00:00,23:00:00,Men's Preliminary Round,
Tokyo 2020,Basketball,Saitama Super Arena,2021-08-01,10:00:00,12:00:00,Women's Preliminary Round,
Tokyo 2020,Basketball,Saitama Super Arena,2021-08-01,13:40:00,15:40:00,Men's Preliminary Round,
Tokyo 2020,Basketball,Saitama Super Arena,2021-08-01,17:20:00,19:20:00,Men's Preliminary Round,
Tokyo 2020,Basketball,Saitama Super Arena,2021-08-01,21:00:00,23:00:00,Women's Preliminary Round,
Tokyo 2020,Basketball,Saitama Super Arena,2021-08-02,10:00:00,12:00:00,Women's Preliminary Round,
Tokyo 2020,Basketball,Saitama Super Arena,2021-08-02,13:40:00,15:40:00,Women's Preliminary Round,
Tokyo 2020,Basketball,Saitama Super Arena,2021-08-02,17:20:00,19:20:00,Women's Preliminary Round,
Tokyo 2020,Basketball,Saitama Super Arena,2021-08-02,21:00:00,23:00:00,Women's Preliminary Round,
Tokyo 2020,Basketball,Saitama Super Arena,2021-08-03,10:00:00,12:00:00,Men's Quarterfinal,
Tokyo 2020,Basketball,Saitama Super Arena,2021-08-03,13:40:00,15:40:00,Men's Quarterfinal,
Tokyo 2020,Basketball,Saitama Super Arena,2021-08-03,17:20:00,19:20:00,EVENT Men's Quarterfinal,
Tokyo 2020,Basketball,Saitama Super Arena,2021-08-03,21:00:00,23:00:00,Men's Quarterfinal,
Tokyo 2020,Basketball,Saitama Super Arena,2021-08-04,10:00:00,12:00:00,Women's Quarterfinal,
Tokyo 2020,Basketball,Saitama Super Arena,2021-08-04,13:40:00,15:40:00,Women's Quarterfinal,
Tokyo 2020,Basketball,Saitama Super Arena,2021-08-04,17:20:00,19:20:00,Women's Quarterfinal,
Tokyo 2020,Basketball,Saitama Super Arena,2021-08-04,21:00:00,23:00:00,Women's Quarterfinal,
Tokyo 2020,Basketball,Saitama Super Arena,2021-08-05,13:15:00,15:15:00,Men's Semifinal,
Tokyo 2020,Basketball,Saitama Super Arena,2021-08-05,20:00:00,22:00:00,Men's Semifinal,
Tokyo 2020,Basketball,Saitama Super Arena,2021-08-06,13:40:00,15:40:00,Women's Semifinal,
Tokyo 2020,Basketball,Saitama Super Arena,2021-08-06,20:00:00,22:00:00,Women's Semifinal,
Tokyo 2020,Basketball,Saitama Super Arena,2021-08-07,11:30:00,13:30:00,Men's Gold Medal Game,
Tokyo 2020,Basketball,Saitama Super Arena,2021-08-07,16:00:00,18:00:00,Women's Bronze Medal Game,
Tokyo 2020,Basketball,Saitama Super Arena,2021-08-07,20:00:00,22:30:00,Men's Bronze Medal Game / Men's Victory Ceremony,
Tokyo 2020,Basketball,Saitama Super Arena,2021-08-08,11:30:00,14:00:00,Women's Gold Medal Game / Women's Victory Ceremony,
Tokyo 2020,Beach Volleyball,Shiokaze Park,2021-07-24,09:00:00,12:50:00,Men's or Women's Preliminaries (4 matches),
Tokyo 2020,Beach Volleyball,Shiokaze Park,2021-07-24,15:00:00,17:50:00,Men's or Women's Preliminaries (3 matches),
Tokyo 2020,Beach Volleyball,Shiokaze Park,2021-07-24,20:00:00,22:50:00,Men's or Women's Preliminaries (3 matches),
Tokyo 2020,Beach Volleyball,Shiokaze Park,2021-07-25,09:00:00,12:50:00,Men's or Women's Preliminaries (4 matches),
Tokyo 2020,Beach Volleyball,Shiokaze Park,2021-07-25,15:00:00,17:50:00,Men's or Women's Preliminaries (3 matches),
Tokyo 2020,Beach Volleyball,Shiokaze Park,2021-07-25,20:00:00,22:50:00,Men's or Women's Preliminaries (3 matches),
Tokyo 2020,Beach Volleyball,Shiokaze Park,2021-07-26,09:00:00,12:50:00,Men's or Women's Preliminaries (4 matches),
Tokyo 2020,Beach Volleyball,Shiokaze Park,2021-07-26,15:00:00,17:50:00,Men's or Women's Preliminaries (3 matches),
Tokyo 2020,Beach Volleyball,Shiokaze Park,2021-07-26,20:00:00,22:50:00,Men's or Women's Preliminaries (3 matches),
Tokyo 2020,Beach Volleyball,Shiokaze Park,2021-07-27,09:00:00,12:50:00,Men's or Women's Preliminaries (4 matches),
Tokyo 2020,Beach Volleyball,Shiokaze Park,2021-07-27,15:00:00,17:50:00,Men's or Women's Preliminaries (3 matches),
Tokyo 2020,Beach Volleyball,Shiokaze Park,2021-07-27,20:00:00,22:50:00,Men's or Women's Preliminaries (3 matches),
Tokyo 2020,Beach Volleyball,Shiokaze Park,2021-07-28,09:00:00,11:50:00,Men's or Women's Preliminaries (3 matches),
Tokyo 2020,Beach Volleyball,Shiokaze Park,2021-07-28,15:00:00,17:50:00,Men's or Women's Preliminaries (3 matches),
Tokyo 2020,Beach Volleyball,Shiokaze Park,2021-07-28,20:00:00,22:50:00,Men's or Women's Preliminaries (3 matches),
Tokyo 2020,Beach Volleyball,Shiokaze Park,2021-07-29,09:00:00,11:50:00,Men's or Women's Preliminaries (3 matches),
Tokyo 2020,Beach Volleyball,Shiokaze Park,2021-07-29,15:00:00,17:50:00,Men's or Women's Preliminaries (3 matches),
Tokyo 2020,Beach Volleyball,Shiokaze Park,2021-07-29,20:00:00,22:50:00,Men's or Women's Preliminaries (3 matches),
Tokyo 2020,Beach Volleyball,Shiokaze Park,2021-07-30,09:00:00,11:50:00,Men's or Women's Preliminaries (3 matches),
Tokyo 2020,Beach Volleyball,Shiokaze Park,2021-07-30,15:00:00,17:50:00,Men's or Women's Preliminaries (3 matches),
Tokyo 2020,Beach Volleyball,Shiokaze Park,2021-07-30,20:00:00,22:50:00,Men's or Women's Preliminaries (3 matches),
Tokyo 2020,Beach Volleyball,Shiokaze Park,2021-07-31,09:00:00,11:50:00,Men's or Women's Preliminaries (3 matches),
Tokyo 2020,Beach Volleyball,Shiokaze Park,2021-07-31,15:00:00,17:50:00,Men's or Women's Preliminaries (2 matches) / Men's or Women's Lucky Loser (1 match),
Tokyo 2020,Beach Volleyball,Shiokaze Park,2021-07-31,20:00:00,22:50:00,Men's or Women's Lucky Loser (3 matches),
Tokyo 2020,Beach Volleyball,Shiokaze Park,2021-08-01,09:00:00,10:50:00,Men's or Women's Round of 16 (2 matches),
Tokyo 2020,Beach Volleyball,Shiokaze Park,2021-08-01,13:00:00,14:50:00,Men's or Women's Round of 16 (2 matches),
Tokyo 2020,Beach Volleyball,Shiokaze Park,2021-08-01,17:00:00,18:50:00,Men's or Women's Round of 16 (2 matches),
Tokyo 2020,Beach Volleyball,Shiokaze Park,2021-08-01,21:00:00,22:50:00,Men's or Women's Round of 16 (2 matches),
Tokyo 2020,Beach Volleyball,Shiokaze Park,2021-08-02,09:00:00,10:50:00,Men's or Women's Round of 16 (2 matches),
Tokyo 2020,Beach Volleyball,Shiokaze Park,2021-08-02,13:00:00,14:50:00,Men's or Women's Round of 16 (2 matches),
Tokyo 2020,Beach Volleyball,Shiokaze Park,2021-08-02,17:00:00,18:50:00,Men's or Women's Round of 16 (2 matches),
Tokyo 2020,Beach Volleyball,Shiokaze Park,2021-08-02,21:00:00,22:50:00,Men's or Women's Round of 16 (2 matches),
Tokyo 2020,Beach Volleyball,Shiokaze Park,2021-08-03,09:00:00,10:50:00,Women's Quarterfinals (2 matches),
Tokyo 2020,Beach Volleyball,Shiokaze Park,2021-08-03,21:00:00,22:50:00,Women's Quarterfinals (2 matches),
Tokyo 2020,Beach Volleyball,Shiokaze Park,2021-08-04,09:00:00,10:50:00,Men's Quarterfinals (2 matches),
Tokyo 2020,Beach Volleyball,Shiokaze Park,2021-08-04,21:00:00,22:50:00,Men's Quarterfinals (2 matches),
Tokyo 2020,Beach Volleyball,Shiokaze Park,2021-08-05,09:00:00,10:50:00,Men's or Women's Semifinals (2 matches),
Tokyo 2020,Beach Volleyball,Shiokaze Park,2021-08-05,21:00:00,22:50:00,Men's or Women's Semifinals (2 matches),
Tokyo 2020,Beach Volleyball,Shiokaze Park,2021-08-06,10:00:00,12:50:00,Women's Bronze Medal Match / Women's Gold Medal Match / Women's Victory Ceremony,
Tokyo 2020,Beach Volleyball,Shiokaze Park,2021-08-07,10:00:00,12:50:00,Men's Bronze Medal Match / Men's Gold Medal Match / Men's Victory Ceremony,
Tokyo 2020,Boxing,Kokugikan Arena,2021-07-24,11:00:00,14:30:00,Women's Feather (54-57kg) Round of 32 / Men's Welter (63-69kg) Round of 32 / Men's Light Heavy (75-81kg) Round of 32 / Men's Heavy (81-91kg) Round of 16,
Tokyo 2020,Boxing,Kokugikan Arena,2021-07-24,17:00:00,20:30:00,Women's Feather (54-57kg) Round of 32 / Men's Welter (63-69kg) Round of 32 / Men's Light Heavy (75-81kg) Round of 32 / Men's Heavy (81-91kg) Round of 16,
Tokyo 2020,Boxing,Kokugikan Arena,2021-07-25,11:00:00,14:45:00,Women's Fly (48-51kg) Round of 32 / Women's Welter (64-69kg) Round of 32 / Men's Middle (69-75kg) Round of 32 / Men's Super Heavy (+91kg) Round of 16,
Tokyo 2020,Boxing,Kokugikan Arena,2021-07-25,17:00:00,20:45:00,Women's Fly (48-51kg) Round of 32 / Women's Welter (64-69kg) Round of 32 / Men's Middle (69-75kg) Round of 32 / Men's Super Heavy (+91kg) Round of 16,
Tokyo 2020,Boxing,Kokugikan Arena,2021-07-26,11:00:00,14:45:00,Women's Feather (54-57kg) Round of 16 / Men's Feather (52-57kg) Round of 32 / Men's Welter (63-69kg) Round of 16,
Tokyo 2020,Boxing,Kokugikan Arena,2021-07-26,17:00:00,20:45:00,Women's Feather (54-57kg) Round of 16 / Men's Feather (52-57kg) Round of 32 / Men's Welter (63-69kg) Round of 16,
Tokyo 2020,Boxing,Kokugikan Arena,2021-07-27,11:00:00,14:45:00,Women's Welter (64-69kg) Round of 16 / Men's Light (57-63kg) Round of 32 / Men's Light Heavy (75-81kg) Round of 16,
Tokyo 2020,Boxing,Kokugikan Arena,2021-07-27,17:00:00,20:45:00,Women's Welter (64-69kg) Round of 16 / Men's Light (57-63kg) Round of 32 / Men's Light Heavy (75-81kg) Round of 16,
Tokyo 2020,Boxing,Kokugikan Arena,2021-07-28,11:00:00,14:45:00,EVENT Women's Feather (54-57kg) Quarterfinals / Women's Light (57-60kg) Round of 32 / Women's Middle (69-75kg) Round of 16 / Men's Fly (48-52kg) Round of 32,
Tokyo 2020,Boxing,Kokugikan Arena,2021-07-28,17:00:00,20:45:00,Women's Feather (54-57kg) Quarterfinals / Women's Light (57-60kg) Round of 32 / Women's Middle (69-75kg) Round of 16 / Men's Fly (48-52kg) Round of 32,
Tokyo 2020,Boxing,Kokugikan Arena,2021-07-29,11:00:00,14:10:00,Women's Fly (48-51kg) Round of 16 / Men's Feather (52-57kg) Round of 16 / Men's Middle (69-75kg) Round of 16,
Tokyo 2020,Boxing,Kokugikan Arena,2021-07-29,17:00:00,20:10:00,Women's Fly (48-51kg) Round of 16 / Men's Feather (52-57kg) Round of 16 / Men's Middle (69-75kg) Round of 16,
Tokyo 2020,Boxing,Kokugikan Arena,2021-07-30,11:00:00,14:10:00,Women's Light (57-60kg) Round of 16 / Women's Welter (64-69kg) Quarterfinals / Men's Welter (63-69kg) Quarterfinals / Men's Light Heavy (75-81kg) Quarterfinals / Men's Heavy (81-91kg) Quarterfinals,
Tokyo 2020,Boxing,Kokugikan Arena,2021-07-30,17:00:00,20:10:00,Women's Light (57-60kg) Round of 16 / Women's Welter (64-69kg) Quarterfinals / Men's Welter (63-69kg) Quarterfinals / Men's Light Heavy (75-81kg) Quarterfinals / Men's Heavy (81-91kg) Quarterfinals,
Tokyo 2020,Boxing,Kokugikan Arena,2021-07-31,11:00:00,13:55:00,Women's Feather (54-57kg) Semifinal / Women's Middle (69-75kg) Quarterfinals / Men's Fly (48-52kg) Round of 16 / Men's Light (57-63kg) Round of 16,
Tokyo 2020,Boxing,Kokugikan Arena,2021-07-31,17:00:00,19:55:00,Women's Feather (54-57kg) Semifinal / Women's Middle (69-75kg) Quarterfinals / Men's Fly (48-52kg) Round of 16 / Men's Light (57-63kg) Round of 16,
Tokyo 2020,Boxing,Kokugikan Arena,2021-08-01,11:00:00,13:40:00,Women's Fly (48-51kg) Quarterfinals / Men's Feather (52-57kg) Quarterfinals / Men's Welter (63-69kg) Semifinal / Men's Middle (69-75kg) Quarterfinals / Men's Light Heavy (75-81kg) Semifinal / Men's Super Heavy (+91kg) Quarterfinals,
Tokyo 2020,Boxing,Kokugikan Arena,2021-08-01,17:00:00,19:40:00,Women's Fly (48-51kg) Quarterfinals / Men's Feather (52-57kg) Quarterfinals / Men's Welter (63-69kg) Semifinal / Men's Middle (69-75kg) Quarterfinals / Men's Light Heavy (75-81kg) Semifinal / Men's Super Heavy (+91kg) Quarterfinals,
Tokyo 2020,Boxing,Kokugikan Arena,2021-08-03,11:00:00,13:40:00,Men's Fly (48-52kg) Quarterfinals / Men's Feather (52-57kg) Semifinal / Men's Light (57-63kg) Quarterfinals / Men's Heavy (81-91kg) Semifinal / Women's Light (57-60kg) Quarterfinals / Women's Feather (54-57kg) Final / Women's Feather (54-57kg) Victory Ceremony,
Tokyo 2020,Boxing,Kokugikan Arena,2021-08-03,17:00:00,19:40:00,Women's Light (57-60kg) Quarterfinals / Men's Fly (48-52kg) Quarterfinals / Men's Feather (52-57kg) Semifinal / Men's Light (57-63kg) Quarterfinals / Men's Heavy (81-91kg) Semifinal / Men's Welter (63-69kg) Final / Men's Welter (63-69kg) Victory Ceremony,
Tokyo 2020,Boxing,Kokugikan Arena,2021-08-04,14:00:00,16:10:00,Women's Fly (48-51kg) Semifinals / Women's Welter (64-69kg) Semifinals / Men's Super Heavy (+91kg) Semifinals / Men's Light Heavy (75-81kg) Final / Men's Light Heavy (75-81kg) Victory Ceremony,
Tokyo 2020,Boxing,Kokugikan Arena,2021-08-05,14:00:00,16:10:00,Women's Light (57-60kg) Semifinals / Men's Fly (48-52kg) Semifinals / Men's Middle (69-75kg) Semifinals / Men's Feather (52-57kg) Final / Men's Feather (52-57kg) Victory Ceremony,
Tokyo 2020,Boxing,Kokugikan Arena,2021-08-06,14:00:00,15:40:00,Women's Middle (69-75kg) Semifinals / Men's Light (57-63kg) Semifinals / Men's Heavy (81-91kg) Final / Men's Heavy (81-91kg) Victory Ceremony Men's Fly (48-52kg) Final /,
Tokyo 2020,Boxing,Kokugikan Arena,2021-08-07,14:00:00,15:55:00,Men's Middle (69-75kg) Final / Men's Fly (48-52kg) Victory Ceremony / Women's Fly (48-51kg) Final / Men's Middle (69-75kg) Victory Ceremony / Women's Welter (64-69kg) Final / Women's Fly (48-51kg) Victory Ceremony / Women's Welter (64-69kg) Victory Ceremony,
Tokyo 2020,Boxing,Kokugikan Arena,2021-08-08,14:00:00,15:55:00,Women's Light (57-60kg) Final / Women's Middle (69-75kg) Final / Women's Light (57-60kg) Victory Ceremony / Men's Light (57-63kg) Final / Women's Middle (69-75kg) Victory Ceremony / Men's Super Heavy (+91kg) Final / Men's Light (57-63kg) Victory Ceremony /,
Tokyo 2020,Canoe Slalom,Kasai Canoe Slalom Centre,2021-07-25,13:00:00,16:45:00,Men's Super Heavy (+91kg) Victory Ceremony / Canoe (C1) Men Heats / Kayak (K1) Women Heats,
Tokyo 2020,Canoe Slalom,Kasai Canoe Slalom Centre,2021-07-26,14:00:00,16:45:00,EVENT Canoe (C1) Men Semi-final / Canoe (C1) Men Final / Canoe (C1) Men Victory Ceremony,
Tokyo 2020,Canoe Slalom,Kasai Canoe Slalom Centre,2021-07-27,14:00:00,17:00:00,Kayak (K1) Women Semi-final / Kayak (K1) Women Final / Kayak (K1) Women Victory Ceremony,
Tokyo 2020,Canoe Slalom,Kasai Canoe Slalom Centre,2021-07-28,13:00:00,16:45:00,Canoe (C1) Women Heats / Kayak (K1) Men Heats,
Tokyo 2020,Canoe Slalom,Kasai Canoe Slalom Centre,2021-07-29,14:00:00,16:45:00,Canoe (C1) Women Semi-final / Canoe (C1) Women Final / Canoe (C1) Women Victory Ceremony,
Tokyo 2020,Canoe Slalom,Kasai Canoe Slalom Centre,2021-07-30,14:00:00,17:00:00,Kayak (K1) Men Semi-final / Kayak (K1) Men Final / Kayak (K1) Men Victory Ceremony Women's Kayak Single 200m Heats /,
Tokyo 2020,Canoe Sprint,Sea Forest Waterway,2021-08-02,09:30:00,13:00:00,Men's Canoe Double 1000m Heats / Men's Kayak Single 1000m Heats / Women's Kayak Double 500m Heats / Women's Kayak Single 200m Quarterfinals / Men's Canoe Double 1000m Quarterfinals / Men's Kayak Single 1000m Quarterfinals / Women's Kayak Double 500m Quarterfinals Women's Kayak Single 200m Semifinals /,
Tokyo 2020,Canoe Sprint,Sea Forest Waterway,2021-08-03,09:30:00,13:15:00,Men's Canoe Double 1000m Semifinals / Men's Kayak Single 1000m Semifinals / Women's Kayak Double 500m Semifinals / Women's Kayak Single 200m Finals / Men's Canoe Double 1000m Finals / Women's Kayak Single 200m Victory Ceremony / Men's Kayak Single 1000m Finals / Men's Canoe Double 1000m Victory Ceremony / Women's Kayak Double 500m Finals / Men's Kayak Single 1000m Victory Ceremony /,
Tokyo 2020,Canoe Sprint,Sea Forest Waterway,2021-08-04,09:30:00,12:40:00,Women's Kayak Double 500m Victory Ceremony Men's Kayak Single 200m Heats / Women's Canoe Single 200m Heats / Women's Kayak Single 500m Heats / Men's Kayak Double 1000m Heats / Men's Kayak Single 200m Quarterfinals / Women's Canoe Single 200m Quarterfinals / Women's Kayak Single 500m Quarterfinals / Men's Kayak Double 1000m Quarterfinals Men's Kayak Single 200m Semifinals /,
Tokyo 2020,Canoe Sprint,Sea Forest Waterway,2021-08-05,09:30:00,13:05:00,Women's Canoe Single 200m Semifinals / Women's Kayak Single 500m Semifinals / Men's Kayak Double 1000m Semifinals / Men's Kayak Single 200m Finals / Women's Canoe Single 200m Finals / Men's Kayak Single 200m Victory Ceremony / Women's Kayak Single 500m Finals / Women's Canoe Single 200m Victory Ceremony / Men's Kayak Double 1000m Finals / Women's Kayak Single 500m Victory Ceremony /,
Tokyo 2020,Canoe Sprint,Sea Forest Waterway,2021-08-06,09:30:00,11:40:00,Men's Kayak Double 1000m Victory Ceremony Women's Canoe Double 500m Heats / Men's Canoe Single 1000m Heats / Women's Kayak Four 500m Heats / Men's Kayak Four 500m Heats / Women's Canoe Double 500m Quarterfinals / Men's Canoe Single 1000m Quarterfinals Women's Canoe Double 500m Semifinals /,
Tokyo 2020,Canoe Sprint,Sea Forest Waterway,2021-08-07,09:30:00,12:50:00,Men's Canoe Single 1000m Semifinals / Women's Kayak Four 500m Semifinals / Men's Kayak Four 500m Semifinals / Women's Canoe Double 500m Finals / Men's Canoe Single 1000m Finals / Women's Canoe Double 500m Victory Ceremony / Women's Kayak Four 500m Final / Men's Canoe Single 1000m Victory Ceremony / Men's Kayak Four 500m Final /,
Tokyo 2020,Cycling BMX Freestyle,Ariake Urban Sports Park,2021-07-31,10:10:00,12:20:00,Women's Kayak Four 500m Victory Ceremony / Men's Kayak Four 500m Victory Ceremony Women's Freestyle Park Seeding / Men's Freestyle Park Seeding,
Tokyo 2020,Cycling BMX Freestyle,Ariake Urban Sports Park,2021-08-01,10:10:00,12:45:00,Women's Freestyle Park Final / Men's Freestyle Park Final / Women's Freestyle Park Victory Ceremony / Men's Freestyle Park Victory Ceremony,
Tokyo 2020,Cycling BMX Racing,Ariake Urban Sports Park,2021-07-29,10:00:00,12:00:00,Men's Racing Quarterfinals / Women's Racing Quarterfinals Men's Racing Semifinals /,
Tokyo 2020,Cycling BMX Racing,Ariake Urban Sports Park,2021-07-30,10:00:00,12:20:00,Women's Racing Semifinals / Men's Racing Final / Women's Racing Final / Men's Racing Victory Ceremony /,
Tokyo 2020,Cycling Mountain Bike,Izu MTB Course,2021-07-26,15:00:00,17:00:00,Women's Racing Victory Ceremony Men's Cross-country / Men's Cross-country Victory Ceremony,
Tokyo 2020,Cycling Mountain Bike,Izu MTB Course,2021-07-27,15:00:00,17:00:00,Women's Cross-country / Women's Cross-country Victory Ceremony,
Tokyo 2020,Cycling Road,Fuji International Speedway,2021-07-24,11:00:00,18:15:00,EVENT Men's Road Race / Men's Road Race Victory Ceremony *Start from Musashinonomori Park.,
Tokyo 2020,Cycling Road,Fuji International Speedway,2021-07-25,13:00:00,17:35:00,Women's Road Race / Women's Road Race Victory Ceremony *Start from Musashinonomori Park.,
Tokyo 2020,Cycling Road,Fuji International Speedway,2021-07-28,11:30:00,17:40:00,Women's Individual Time Trial / Women's Individual Time Trial Victory Ceremony / Men's Individual Time Trial / Men's Individual Time Trial Victory Ceremony,
Tokyo 2020,Cycling Track,Izu Velodrome,2021-08-02,15:30:00,18:30:00,Women's Team Sprint Qualifying / Women's Team Pursuit Qualifying / Women's Team Sprint First round / Men's Team Pursuit Qualifying / Women's Team Sprint Finals / Women's Team Sprint Victory Ceremony,
Tokyo 2020,Cycling Track,Izu Velodrome,2021-08-03,15:30:00,18:10:00,Women's Team Pursuit First round / Men's Team Sprint Qualifying / Men's Team Pursuit First round / Men's Team Sprint First round / Women's Team Pursuit Finals / Men's Team Sprint Finals / Women's Team Pursuit Victory Ceremony / Men's Team Sprint Victory Ceremony,
Tokyo 2020,Cycling Track,Izu Velodrome,2021-08-04,15:30:00,19:00:00,Men's Sprint Qualifying / Women's Keirin First round / Men's Sprint 1/32 Finals / Women's Keirin Repechages / Men's Sprint 1/32 Finals Repechages / Men's Team Pursuit Finals / Men's Sprint 1/16 Finals / Men's Team Pursuit Victory Ceremony / Men's Sprint 1/16 Finals Repechages Men's Omnium Scratch Race 1/4 /,
Tokyo 2020,Cycling Track,Izu Velodrome,2021-08-05,15:30:00,18:50:00,Men's Sprint 1/8 Finals / Women's Keirin Quarterfinals / Men's Sprint 1/8 Finals Repechages / Men's Omnium Tempo Race 2/4 / Men's Sprint Quarterfinals / Women's Keirin Semifinals / Men's Omnium Elimination Race 3/4 / Women's Keirin Final 7-12 / Women's Keirin Final 1-6 / Men's Omnium Points Race 4/4 / Men's Sprint Race for 5th-8th Places / Women's Keirin Victory Ceremony / Men's Omnium Victory Ceremony,
Tokyo 2020,Cycling Track,Izu Velodrome,2021-08-06,15:30:00,19:15:00,Women's Sprint Qualifying / Men's Sprint Semifinals / Women's Sprint 1/32 Finals / Women's Sprint 1/32 Finals Repechages / Women's Madison Final / Men's Sprint Finals / Women's Sprint 1/16 Finals / Women's Madison Victory Ceremony / Women's Sprint 1/16 Finals Repechages / Men's Sprint Victory Ceremony,
Tokyo 2020,Cycling Track,Izu Velodrome,2021-08-07,15:30:00,18:25:00,Women's Sprint 1/8 Finals / Men's Keirin First Round / Women's Sprint 1/8 Finals Repechages / Men's Keirin Repechages / Women's Sprint Quarterfinals / Men's Madison Final / Men's Madison Victory Ceremony Women's Omnium Scratch Race 1/4 / Women's Sprint Semifinals /,
Tokyo 2020,Cycling Track,Izu Velodrome,2021-08-08,10:00:00,13:15:00,Men's Keirin Quarterfinals / Women's Omnium Tempo Race 2/4 / Women's Sprint Race for 5th-8th Places / Men's Keirin Semifinals / Women's Sprint Finals / Women's Omnium Elimination Race 3/4 / Men's Keirin Final 7-12 / Men's Keirin Final 1-6 / Men's Keirin Victory Ceremony /,
Tokyo 2020,Diving,Tokyo Aquatics Centre,2021-07-25,15:00:00,16:00:00,Women's Omnium Points Race 4/4 / Women's Sprint Victory Ceremony / Women's Omnium Victory Ceremony Women's Synchronised 3m Springboard Final / Women's Synchronised 3m Springboard Victory Ceremony,
Tokyo 2020,Diving,Tokyo Aquatics Centre,2021-07-26,15:00:00,16:00:00,Men's Synchronised 10m Platform Final / Men's Synchronised 10m Platform Victory Ceremony,
Tokyo 2020,Diving,Tokyo Aquatics Centre,2021-07-27,15:00:00,16:00:00,Women's Synchronised 10m Platform Final / Women's Synchronised 10m Platform Victory Ceremony,
Tokyo 2020,Diving,Tokyo Aquatics Centre,2021-07-28,15:00:00,16:00:00,Men's Synchronised 3m Springboard Final / Men's Synchronised 3m Springboard Victory Ceremony,
Tokyo 2020,Diving,Tokyo Aquatics Centre,2021-07-30,15:00:00,17:30:00,Women's 3m Springboard Preliminary,
Tokyo 2020,Diving,Tokyo Aquatics Centre,2021-07-31,15:00:00,16:30:00,Women's 3m Springboard Semifinal,
Tokyo 2020,Diving,Tokyo Aquatics Centre,2021-08-01,15:00:00,16:30:00,EVENT Women's 3m Springboard Final / Women's 3m Springboard Victory Ceremony,
Tokyo 2020,Diving,Tokyo Aquatics Centre,2021-08-02,15:00:00,17:30:00,Men's 3m Springboard Preliminary,
Tokyo 2020,Diving,Tokyo Aquatics Centre,2021-08-03,10:00:00,11:30:00,Men's 3m Springboard Semifinal,
Tokyo 2020,Diving,Tokyo Aquatics Centre,2021-08-03,15:00:00,16:30:00,Men's 3m Springboard Final / Men's 3m Springboard Victory Ceremony,
Tokyo 2020,Diving,Tokyo Aquatics Centre,2021-08-04,15:00:00,17:30:00,Women's 10m Platform Preliminary,
Tokyo 2020,Diving,Tokyo Aquatics Centre,2021-08-05,10:00:00,11:30:00,Women's 10m Platform Semifinal,
Tokyo 2020,Diving,Tokyo Aquatics Centre,2021-08-05,15:00:00,16:30:00,Women's 10m Platform Final / Women's 10m Platform Victory Ceremony,
Tokyo 2020,Diving,Tokyo Aquatics Centre,2021-08-06,15:00:00,17:30:00,Men's 10m Platform Preliminary,
Tokyo 2020,Diving,Tokyo Aquatics Centre,2021-08-07,10:00:00,11:30:00,Men's 10m Platform Semifinal,
Tokyo 2020,Diving,Tokyo Aquatics Centre,2021-08-07,15:00:00,16:30:00,Men's 10m Platform Final / Men's 10m Platform Victory Ceremony,
Tokyo 2020,Equestrian,Equestrian Park,2021-07-24,17:00:00,22:15:00,Dressage Grand Prix Team and Individual Day 1,
Tokyo 2020,Equestrian,Equestrian Park,2021-07-25,17:00:00,22:15:00,Dressage Grand Prix Team and Individual Day 2,
Tokyo 2020,Equestrian,Equestrian Park,2021-07-27,17:00:00,22:40:00,Dressage Team Grand Prix Special / Dressage Team Victory Ceremony,
Tokyo 2020,Equestrian,Equestrian Park,2021-07-28,17:30:00,21:25:00,Dressage Individual Grand Prix Freestyle / Dressage Individual Victory Ceremony,
Tokyo 2020,Equestrian,Equestrian Park,2021-07-30,08:30:00,11:00:00,Eventing Dressage Team and Individual Day 1 - Session 1,
Tokyo 2020,Equestrian,Equestrian Park,2021-07-30,17:30:00,20:10:00,Eventing Dressage Team and Individual Day 1 - Session 2,
Tokyo 2020,Equestrian,Equestrian Park,2021-07-31,08:30:00,11:00:00,Eventing Dressage Team and Individual Day 2 - Session 3,
Tokyo 2020,Equestrian,Sea Forest Cross-Country Course,2021-08-01,07:45:00,11:10:00,Eventing Cross Country Team and Individual Eventing Jumping Team Final and Individual Qualifier /,
Tokyo 2020,Equestrian,Equestrian Park,2021-08-02,17:00:00,22:25:00,Eventing Jumping Individual Final / Eventing Team Victory Ceremony /,
Tokyo 2020,Equestrian,Equestrian Park,2021-08-03,19:00:00,22:45:00,Eventing Individual Victory Ceremony Jumping Individual Qualifier,
Tokyo 2020,Equestrian,Equestrian Park,2021-08-04,19:00:00,21:40:00,Jumping Individual Final / Jumping Individual Victory Ceremony,
Tokyo 2020,Equestrian,Equestrian Park,2021-08-06,19:00:00,22:05:00,Jumping Team Qualifier,
Tokyo 2020,Equestrian,Equestrian Park,2021-08-07,19:00:00,21:30:00,Jumping Team Final / Jumping Team Victory Ceremony Women's Epée Individual Table of 64 /,
Tokyo 2020,Fencing,Makuhari Messe Hall B,2021-07-24,09:00:00,16:20:00,Men's Sabre Individual Table of 64 / Women's Epée Individual Table of 32 / Men's Sabre Individual Table of 32 / Women's Epée Individual Table of 16 / Men's Sabre Individual Table of 16 / Women's Epée Individual Quarterfinals / Men's Sabre Individual Quarterfinals,
Tokyo 2020,Fencing,Makuhari Messe Hall B,2021-07-24,18:00:00,22:25:00,Women's Epée Individual Semifinals / Men's Sabre Individual Semifinals / Women's Epée Individual Bronze Medal Bout / Men's Sabre Individual Bronze Medal Bout / Women's Epée Individual Gold Medal Bout / Men's Sabre Individual Gold Medal Bout / Women's Epée Individual Victory Ceremony / Men's Sabre Individual Victory Ceremony,
Tokyo 2020,Fencing,Makuhari Messe Hall B,2021-07-25,09:00:00,16:20:00,Women's Foil Individual Table of 64 / Men's Epée Individual Table of 64 / Women's Foil Individual Table of 32 / Men's Epée Individual Table of 32 / Women's Foil Individual Table of 16 / Men's Epée Individual Table of 16 / Women's Foil Individual Quarterfinals / Men's Epée Individual Quarterfinals,
Tokyo 2020,Fencing,Makuhari Messe Hall B,2021-07-25,18:00:00,22:25:00,Women's Foil Individual Semifinals / Men's Epée Individual Semifinals / Women's Foil Individual Bronze Medal Bout / Men's Epée Individual Bronze Medal Bout / Women's Foil Individual Gold Medal Bout / Men's Epée Individual Gold Medal Bout / Women's Foil Individual Victory Ceremony / Men's Epée Individual Victory Ceremony,
Tokyo 2020,Fencing,Makuhari Messe Hall B,2021-07-26,09:00:00,16:20:00,Women's Sabre Individual Table of 64 / Men's Foil Individual Table of 64 / Women's Sabre Individual Table of 32 / Men's Foil Individual Table of 32 / Women's Sabre Individual Table of 16 / Men's Foil Individual Table of 16 / Women's Sabre Individual Quarterfinals / Men's Foil Individual Quarterfinals,
Tokyo 2020,Fencing,Makuhari Messe Hall B,2021-07-26,18:00:00,22:25:00,Women's Sabre Individual Semifinals / Men's Foil Individual Semifinals / Women's Sabre Individual Bronze Medal Bout / Men's Foil Individual Bronze Medal Bout / Women's Sabre Individual Gold Medal Bout / Men's Foil Individual Gold Medal Bout / Women's Sabre Individual Victory Ceremony / Men's Foil Individual Victory Ceremony,
Tokyo 2020,Fencing,Makuhari Messe Hall B,2021-07-27,10:00:00,15:20:00,Women's Epée Team Table of 16 / Women's Epée Team Quarterfinals / Women's Epée Team Classification 5-8 / Women's Epée Team Semifinals / Women's Epée Team Placement 5-6 /,
Tokyo 2020,Fencing,Makuhari Messe Hall B,2021-07-27,18:30:00,20:40:00,Women's Epée Team Placement 7-8 Women's Epée Team Bronze Medal Match / Women's Epée Team Gold Medal Match / Women's Epée Team Victory Ceremony,
Tokyo 2020,Fencing,Makuhari Messe Hall B,2021-07-28,10:00:00,15:20:00,EVENT Men's Sabre Team Table of 16 / Men's Sabre Team Quarterfinals / Men's Sabre Team Classification 5-8 / Men's Sabre Team Semifinals / Men's Sabre Team Placement 5-6 /,
Tokyo 2020,Fencing,Makuhari Messe Hall B,2021-07-28,18:30:00,20:40:00,Men's Sabre Team Placement 7-8 Men's Sabre Team Bronze Medal Match / Men's Sabre Team Gold Medal Match / Men's Sabre Team Victory Ceremony Women's Foil Team Table of 16 /,
Tokyo 2020,Fencing,Makuhari Messe Hall B,2021-07-29,09:00:00,16:25:00,Women's Foil Team Quarterfinals / Women's Foil Team Classification 5-8 / Women's Foil Team Semifinals / Women's Foil Team Placement 5-6 /,
Tokyo 2020,Fencing,Makuhari Messe Hall B,2021-07-29,18:30:00,21:30:00,Women's Foil Team Placement 7-8 Women's Foil Team Bronze Medal Match / Women's Foil Team Gold Medal Match / Women's Foil Team Victory Ceremony Men's Epée Team Table of 16 /,
Tokyo 2020,Fencing,Makuhari Messe Hall B,2021-07-30,10:00:00,15:20:00,Men's Epée Team Quarterfinals / Men's Epée Team Classification 5-8 / Men's Epée Team Semifinals / Men's Epée Team Placement 5-6 /,
Tokyo 2020,Fencing,Makuhari Messe Hall B,2021-07-30,18:30:00,20:40:00,Men's Epée Team Placement 7-8 Men's Epée Team Bronze Medal Match / Men's Epée Team Gold Medal Match / Men's Epée Team Victory Ceremony Women's Sabre Team Table of 16 /,
Tokyo 2020,Fencing,Makuhari Messe Hall B,2021-07-31,10:00:00,15:20:00,Women's Sabre Team Quarterfinals / Women's Sabre Team Classification 5-8 / Women's Sabre Team Semifinals / Women's Sabre Team Placement 5-6 /,
Tokyo 2020,Fencing,Makuhari Messe Hall B,2021-07-31,18:30:00,20:40:00,Women's Sabre Team Placement 7-8 Women's Sabre Team Bronze Medal Match / Women's Sabre Team Gold Medal Match / Women's Sabre Team Victory Ceremony Men's Foil Team Table of 16 /,
Tokyo 2020,Fencing,Makuhari Messe Hall B,2021-08-01,09:00:00,16:00:00,Men's Foil Team Quarterfinals / Men's Foil Team Classification 5-8 / Men's Foil Team Semifinals / Men's Foil Team Placement 5-6 /,
Tokyo 2020,Fencing,Makuhari Messe Hall B,2021-08-01,18:30:00,21:20:00,Men's Foil Team Placement 7-8 Men's Foil Team Bronze Medal Match / Men's Foil Team Gold Medal Match /,
Tokyo 2020,Football,Sapporo Dome,2021-07-21,16:30:00,21:30:00,Men's Foil Team Victory Ceremony Women's First Round (2 matches),
Tokyo 2020,Football,Miyagi Stadium,2021-07-21,17:00:00,22:00:00,Women's First Round (2 matches),
Tokyo 2020,Football,Tokyo Stadium,2021-07-21,17:30:00,22:30:00,Women's First Round (2 matches),
Tokyo 2020,Football,Sapporo Dome,2021-07-22,16:30:00,21:30:00,Men's First Round (2 matches),
Tokyo 2020,Football,Tokyo Stadium,2021-07-22,17:00:00,22:00:00,Men's First Round (2 matches),
Tokyo 2020,Football,Ibaraki Kashima Stadium,2021-07-22,17:00:00,22:00:00,Men's First Round (2 matches),
Tokyo 2020,Football,International Stadium Yokohama,2021-07-22,17:30:00,22:30:00,Men's First Round (2 matches),
Tokyo 2020,Football,Sapporo Dome,2021-07-24,16:30:00,21:30:00,Women's First Round (2 matches),
Tokyo 2020,Football,Miyagi Stadium,2021-07-24,17:00:00,22:00:00,Women's First Round (2 matches),
Tokyo 2020,Football,Saitama Stadium,2021-07-24,17:30:00,22:30:00,Women's First Round (2 matches),
Tokyo 2020,Football,Sapporo Dome,2021-07-25,16:30:00,21:30:00,Men's First Round (2 matches),
Tokyo 2020,Football,Ibaraki Kashima Stadium,2021-07-25,17:00:00,22:00:00,Men's First Round (2 matches),
Tokyo 2020,Football,Saitama Stadium,2021-07-25,17:00:00,22:00:00,Men's First Round (2 matches),
Tokyo 2020,Football,International Stadium Yokohama,2021-07-25,17:30:00,22:30:00,Men's First Round (2 matches),
Tokyo 2020,Football,Miyagi Stadium,2021-07-27,17:00:00,22:00:00,Women's First Round (2 matches),
Tokyo 2020,Football,Ibaraki Kashima Stadium,2021-07-27,17:00:00,22:00:00,Women's First Round (2 matches),
Tokyo 2020,Football,Saitama Stadium,2021-07-27,20:30:00,22:30:00,Women's First Round(1 match),
Tokyo 2020,Football,International Stadium Yokohama,2021-07-27,20:30:00,22:30:00,Women's First Round(1 match),
Tokyo 2020,Football,Sapporo Dome,2021-07-28,17:30:00,22:30:00,Men's First Round (2 matches),
Tokyo 2020,Football,Miyagi Stadium,2021-07-28,17:00:00,22:00:00,Men's First Round (2 matches),
Tokyo 2020,Football,Saitama Stadium,2021-07-28,17:00:00,22:00:00,Men's First Round (2 matches),
Tokyo 2020,Football,International Stadium Yokohama,2021-07-28,17:30:00,22:30:00,Men's First Round (2 matches),
Tokyo 2020,Football,Miyagi Stadium,2021-07-30,17:00:00,20:00:00,Women's Quarterfinal,
Tokyo 2020,Football,Ibaraki Kashima Stadium,2021-07-30,18:00:00,21:00:00,Women's Quarterfinal,
Tokyo 2020,Football,Saitama Stadium,2021-07-30,19:00:00,22:00:00,Women's Quarterfinal,
Tokyo 2020,Football,International Stadium Yokohama,2021-07-30,20:00:00,23:00:00,Women's Quarterfinal,
Tokyo 2020,Football,Miyagi Stadium,2021-07-31,17:00:00,20:00:00,Men's Quarterfinal,
Tokyo 2020,Football,Ibaraki Kashima Stadium,2021-07-31,18:00:00,21:00:00,Men's Quarterfinal,
Tokyo 2020,Football,Saitama Stadium,2021-07-31,19:00:00,22:00:00,Men's Quarterfinal,
Tokyo 2020,Football,International Stadium Yokohama,2021-07-31,20:00:00,23:00:00,Men's Quarterfinal,
Tokyo 2020,Football,Ibaraki Kashima Stadium,2021-08-02,17:00:00,20:00:00,Women's Semifinal,
Tokyo 2020,Football,International Stadium Yokohama,2021-08-02,20:00:00,23:00:00,Women's Semifinal,
Tokyo 2020,Football,Ibaraki Kashima Stadium,2021-08-03,17:00:00,20:00:00,Men's Semifinal,
Tokyo 2020,Football,Saitama Stadium,2021-08-03,20:00:00,23:00:00,Men's Semifinal,
Tokyo 2020,Football,Ibaraki Kashima Stadium,2021-08-05,17:00:00,20:00:00,Women's Bronze Medal Match,
Tokyo 2020,Football,Olympic Stadium,2021-08-06,11:00:00,14:00:00,Women's Gold Medal Match / Women's Victory Ceremony,
Tokyo 2020,Football,Saitama Stadium,2021-08-06,20:00:00,23:00:00,Men's Bronze Medal Match,
Tokyo 2020,Football,International Stadium Yokohama,2021-08-07,20:30:00,23:30:00,Men's Gold Medal Match / Men's Victory Ceremony,
Tokyo 2020,Golf,Kasumigaseki Country Club,2021-07-29,07:30:00,15:30:00,Men's Individual Stroke Play Round 1,
Tokyo 2020,Golf,Kasumigaseki Country Club,2021-07-30,07:30:00,15:30:00,Men's Individual Stroke Play Round 2,
Tokyo 2020,Golf,Kasumigaseki Country Club,2021-07-31,07:30:00,15:30:00,Men's Individual Stroke Play Round 3,
Tokyo 2020,Golf,Kasumigaseki Country Club,2021-08-01,07:30:00,16:00:00,Men's Individual Stroke Play Round 4 / Men's Victory Ceremony,
Tokyo 2020,Golf,Kasumigaseki Country Club,2021-08-04,07:30:00,15:30:00,Women's Individual Stroke Play Round 1,
Tokyo 2020,Golf,Kasumigaseki Country Club,2021-08-05,07:30:00,15:30:00,Women's Individual Stroke Play Round 2,
Tokyo 2020,Golf,Kasumigaseki Country Club,2021-08-06,07:30:00,15:30:00,EVENT Women's Individual Stroke Play Round 3,
Tokyo 2020,Golf,Kasumigaseki Country Club,2021-08-07,07:30:00,16:00:00,Women's Individual Stroke Play Round 4 / Women's Victory Ceremony,
Tokyo 2020,Handball,Yoyogi National Stadium,2021-07-24,09:00:00,12:30:00,Men's Preliminaries (2 matches),
Tokyo 2020,Handball,Yoyogi National Stadium,2021-07-24,14:15:00,17:45:00,Men's Preliminaries (2 matches),
Tokyo 2020,Handball,Yoyogi National Stadium,2021-07-24,19:30:00,23:00:00,Men's Preliminaries (2 matches),
Tokyo 2020,Handball,Yoyogi National Stadium,2021-07-25,09:00:00,12:30:00,Women's Preliminaries (2 matches),
Tokyo 2020,Handball,Yoyogi National Stadium,2021-07-25,14:15:00,17:45:00,Women's Preliminaries (2 matches),
Tokyo 2020,Handball,Yoyogi National Stadium,2021-07-25,19:30:00,23:00:00,Women's Preliminaries (2 matches),
Tokyo 2020,Handball,Yoyogi National Stadium,2021-07-26,09:00:00,12:30:00,Men's Preliminaries (2 matches),
Tokyo 2020,Handball,Yoyogi National Stadium,2021-07-26,14:15:00,17:45:00,Men's Preliminaries (2 matches),
Tokyo 2020,Handball,Yoyogi National Stadium,2021-07-26,19:30:00,23:00:00,Men's Preliminaries (2 matches),
Tokyo 2020,Handball,Yoyogi National Stadium,2021-07-27,09:00:00,12:30:00,Women's Preliminaries (2 matches),
Tokyo 2020,Handball,Yoyogi National Stadium,2021-07-27,14:15:00,17:45:00,Women's Preliminaries (2 matches),
Tokyo 2020,Handball,Yoyogi National Stadium,2021-07-27,19:30:00,23:00:00,Women's Preliminaries (2 matches),
Tokyo 2020,Handball,Yoyogi National Stadium,2021-07-28,09:00:00,12:30:00,Men's Preliminaries (2 matches),
Tokyo 2020,Handball,Yoyogi National Stadium,2021-07-28,14:15:00,17:45:00,Men's Preliminaries (2 matches),
Tokyo 2020,Handball,Yoyogi National Stadium,2021-07-28,19:30:00,23:00:00,Men's Preliminaries (2 matches),
Tokyo 2020,Handball,Yoyogi National Stadium,2021-07-29,09:00:00,12:30:00,Women's Preliminaries (2 matches),
Tokyo 2020,Handball,Yoyogi National Stadium,2021-07-29,14:15:00,17:45:00,Women's Preliminaries (2 matches),
Tokyo 2020,Handball,Yoyogi National Stadium,2021-07-29,19:30:00,23:00:00,Women's Preliminaries (2 matches),
Tokyo 2020,Handball,Yoyogi National Stadium,2021-07-30,09:00:00,12:30:00,Men's Preliminaries (2 matches),
Tokyo 2020,Handball,Yoyogi National Stadium,2021-07-30,14:15:00,17:45:00,Men's Preliminaries (2 matches),
Tokyo 2020,Handball,Yoyogi National Stadium,2021-07-30,19:30:00,23:00:00,Men's Preliminaries (2 matches),
Tokyo 2020,Handball,Yoyogi National Stadium,2021-07-31,09:00:00,12:30:00,Women's Preliminaries (2 matches),
Tokyo 2020,Handball,Yoyogi National Stadium,2021-07-31,14:15:00,17:45:00,Women's Preliminaries (2 matches),
Tokyo 2020,Handball,Yoyogi National Stadium,2021-07-31,19:30:00,23:00:00,Women's Preliminaries (2 matches),
Tokyo 2020,Handball,Yoyogi National Stadium,2021-08-01,09:00:00,12:30:00,Men's Preliminaries (2 matches),
Tokyo 2020,Handball,Yoyogi National Stadium,2021-08-01,14:15:00,17:45:00,Men's Preliminaries (2 matches),
Tokyo 2020,Handball,Yoyogi National Stadium,2021-08-01,19:30:00,23:00:00,Men's Preliminaries (2 matches),
Tokyo 2020,Handball,Yoyogi National Stadium,2021-08-02,09:00:00,12:30:00,Women's Preliminaries (2 matches),
Tokyo 2020,Handball,Yoyogi National Stadium,2021-08-02,14:15:00,17:45:00,Women's Preliminaries (2 matches),
Tokyo 2020,Handball,Yoyogi National Stadium,2021-08-02,19:30:00,23:00:00,Women's Preliminaries (2 matches),
Tokyo 2020,Handball,Yoyogi National Stadium,2021-08-03,09:30:00,11:30:00,Men's Quarterfinal,
Tokyo 2020,Handball,Yoyogi National Stadium,2021-08-03,13:15:00,15:15:00,Men's Quarterfinal,
Tokyo 2020,Handball,Yoyogi National Stadium,2021-08-03,17:00:00,19:00:00,Men's Quarterfinal,
Tokyo 2020,Handball,Yoyogi National Stadium,2021-08-03,20:45:00,22:45:00,Men's Quarterfinal,
Tokyo 2020,Handball,Yoyogi National Stadium,2021-08-04,09:30:00,11:30:00,Women's Quarterfinal,
Tokyo 2020,Handball,Yoyogi National Stadium,2021-08-04,13:15:00,15:15:00,Women's Quarterfinal,
Tokyo 2020,Handball,Yoyogi National Stadium,2021-08-04,17:00:00,19:00:00,Women's Quarterfinal,
Tokyo 2020,Handball,Yoyogi National Stadium,2021-08-04,20:45:00,22:45:00,Women's Quarterfinal,
Tokyo 2020,Handball,Yoyogi National Stadium,2021-08-05,17:00:00,19:00:00,Men's Semifinal,
Tokyo 2020,Handball,Yoyogi National Stadium,2021-08-05,21:00:00,23:00:00,Men's Semifinal,
Tokyo 2020,Handball,Yoyogi National Stadium,2021-08-06,17:00:00,19:00:00,Women's Semifinal,
Tokyo 2020,Handball,Yoyogi National Stadium,2021-08-06,21:00:00,23:00:00,Women's Semifinal,
Tokyo 2020,Handball,Yoyogi National Stadium,2021-08-07,17:00:00,19:00:00,Men's Bronze Medal Match,
Tokyo 2020,Handball,Yoyogi National Stadium,2021-08-07,21:00:00,23:30:00,Men's Gold Medal Match / Men's Victory Ceremony,
Tokyo 2020,Handball,Yoyogi National Stadium,2021-08-08,11:00:00,13:00:00,Women's Bronze Medal Match,
Tokyo 2020,Handball,Yoyogi National Stadium,2021-08-08,15:00:00,17:30:00,Women's Gold Medal Match / Women's Victory Ceremony,
Tokyo 2020,Hockey,Oi Hockey Stadium - North Pitch,2021-07-24,09:30:00,13:15:00,"Men's Pool A, Japan vs Australia / Men's Pool B, Netherlands vs Belgium",
Tokyo 2020,Hockey,Oi Hockey Stadium - South Pitch,2021-07-24,10:00:00,13:45:00,"Men's Pool A, New Zealand vs India / Men's Pool A, Argentina vs Spain",
Tokyo 2020,Hockey,Oi Hockey Stadium - North Pitch,2021-07-24,18:30:00,22:15:00,"Men's Pool B, Great Britain vs South Africa / Women's Pool A, Netherlands vs India",
Tokyo 2020,Hockey,Oi Hockey Stadium - South Pitch,2021-07-24,19:00:00,22:45:00,"Men's Pool B, Canada vs Germany / Women's Pool A, Ireland vs South Africa",
Tokyo 2020,Hockey,Oi Hockey Stadium - North Pitch,2021-07-25,09:30:00,13:15:00,"Women's Pool A, Great Britain vs Germany / Women's Pool B, Japan vs China",
Tokyo 2020,Hockey,Oi Hockey Stadium - South Pitch,2021-07-25,10:00:00,13:45:00,"Women's Pool B, Australia vs Spain / Women's Pool B, New Zealand vs Argentina",
Tokyo 2020,Hockey,Oi Hockey Stadium - North Pitch,2021-07-25,18:30:00,22:15:00,"Men's Pool A, India vs Australia / Men's Pool A, Spain vs New Zealand",
Tokyo 2020,Hockey,Oi Hockey Stadium - South Pitch,2021-07-25,19:00:00,22:45:00,"Men's Pool A, Japan vs Argentina / Men's Pool B, South Africa vs Netherlands",
Tokyo 2020,Hockey,Oi Hockey Stadium - North Pitch,2021-07-26,09:30:00,13:15:00,"Men's Pool B, Germany vs Belgium / Men's Pool B, Great Britain vs Canada",
Tokyo 2020,Hockey,Oi Hockey Stadium - South Pitch,2021-07-26,10:00:00,13:45:00,"Women's Pool A, Netherlands vs Ireland / Women's Pool B, Australia vs China",
Tokyo 2020,Hockey,Oi Hockey Stadium - North Pitch,2021-07-26,18:30:00,22:15:00,"Women's Pool A, South Africa vs Great Britain / Women's Pool B, Japan vs New Zealand",
Tokyo 2020,Hockey,Oi Hockey Stadium - South Pitch,2021-07-26,19:00:00,22:45:00,"Women's Pool B, Argentina vs Spain / Women's Pool A, Germany vs India",
Tokyo 2020,Hockey,Oi Hockey Stadium - North Pitch,2021-07-27,09:30:00,13:15:00,"Men's Pool A, Argentina vs Australia / Men's Pool A, Japan vs New Zealand",
Tokyo 2020,Hockey,Oi Hockey Stadium - South Pitch,2021-07-27,10:00:00,13:45:00,"Men's Pool A, India vs Spain / Men's Pool B, Germany vs Great Britain",
Tokyo 2020,Hockey,Oi Hockey Stadium - North Pitch,2021-07-27,18:30:00,22:15:00,"Men's Pool B, Belgium vs South Africa / Men's Pool B, Netherlands vs Canada",
Tokyo 2020,Hockey,Oi Hockey Stadium - North Pitch,2021-07-28,09:30:00,13:15:00,"Women's Pool A, Netherlands vs South Africa / Women's Pool B, New Zealand vs Spain",
Tokyo 2020,Hockey,Oi Hockey Stadium - South Pitch,2021-07-28,10:00:00,13:45:00,"Women's Pool A, Great Britain vs India / Women's Pool A, Germany vs Ireland",
Tokyo 2020,Hockey,Oi Hockey Stadium - North Pitch,2021-07-28,18:30:00,22:15:00,"Women's Pool B, Japan vs Australia / Men's Pool A, Japan vs Spain",
Tokyo 2020,Hockey,Oi Hockey Stadium - South Pitch,2021-07-28,19:00:00,22:45:00,"Women's Pool B, Argentina vs China / Men's Pool A, Australia vs New Zealand",
Tokyo 2020,Hockey,Oi Hockey Stadium - North Pitch,2021-07-29,09:30:00,13:15:00,"Men's Pool A, India vs Argentina / Men's Pool B, South Africa vs Germany",
Tokyo 2020,Hockey,Oi Hockey Stadium - South Pitch,2021-07-29,10:00:00,13:45:00,"EVENT Men's Pool B, Belgium vs Canada / Men's Pool B, Netherlands vs Great Britain",
Tokyo 2020,Hockey,Oi Hockey Stadium - North Pitch,2021-07-29,18:30:00,22:15:00,"Women's Pool B, Spain vs China / Women's Pool B, Japan vs Argentina",
Tokyo 2020,Hockey,Oi Hockey Stadium - South Pitch,2021-07-29,19:00:00,22:45:00,"Women's Pool A, Great Britain vs Netherlands / Women's Pool B, New Zealand vs Australia",
Tokyo 2020,Hockey,Oi Hockey Stadium - North Pitch,2021-07-30,09:30:00,13:15:00,"Women's Pool A, South Africa vs Germany / Women's Pool A, Ireland vs India",
Tokyo 2020,Hockey,Oi Hockey Stadium - South Pitch,2021-07-30,10:00:00,13:45:00,"Men's Pool A, Australia vs Spain / Men's Pool B, Canada vs South Africa",
Tokyo 2020,Hockey,Oi Hockey Stadium - North Pitch,2021-07-30,18:30:00,22:15:00,"Men's Pool A, Japan vs India / Men's Pool B, Germany vs Netherlands",
Tokyo 2020,Hockey,Oi Hockey Stadium - South Pitch,2021-07-30,19:00:00,22:45:00,"Men's Pool A, Argentina vs New Zealand / Men's Pool B, Belgium vs Great Britain",
Tokyo 2020,Hockey,Oi Hockey Stadium - North Pitch,2021-07-31,09:30:00,13:15:00,"Women's Pool B, China vs New Zealand / Women's Pool B, Argentina vs Australia",
Tokyo 2020,Hockey,Oi Hockey Stadium - South Pitch,2021-07-31,10:00:00,13:45:00,"Women's Pool B, Japan vs Spain / Women's Pool A, India vs South Africa",
Tokyo 2020,Hockey,Oi Hockey Stadium - North Pitch,2021-07-31,18:30:00,22:15:00,"Women's Pool A, Germany vs Netherlands / Women's Pool A, Ireland vs Great Britain",
Tokyo 2020,Hockey,Oi Hockey Stadium - North Pitch,2021-08-01,09:30:00,13:45:00,Men's Quarterfinals (2 matches),
Tokyo 2020,Hockey,Oi Hockey Stadium - North Pitch,2021-08-01,18:30:00,22:45:00,Men's Quarterfinals (2 matches),
Tokyo 2020,Hockey,Oi Hockey Stadium - North Pitch,2021-08-02,09:30:00,13:45:00,Women's Quarterfinals (2 matches),
Tokyo 2020,Hockey,Oi Hockey Stadium - North Pitch,2021-08-02,18:30:00,22:45:00,Women's Quarterfinals (2 matches),
Tokyo 2020,Hockey,Oi Hockey Stadium - North Pitch,2021-08-03,10:30:00,12:15:00,Men's Semifinal,
Tokyo 2020,Hockey,Oi Hockey Stadium - North Pitch,2021-08-03,19:00:00,20:45:00,Men's Semifinal,
Tokyo 2020,Hockey,Oi Hockey Stadium - North Pitch,2021-08-04,10:30:00,12:15:00,Women's Semifinal,
Tokyo 2020,Hockey,Oi Hockey Stadium - North Pitch,2021-08-04,19:00:00,20:45:00,Women's Semifinal,
Tokyo 2020,Hockey,Oi Hockey Stadium - North Pitch,2021-08-05,10:30:00,12:15:00,Men's Bronze Medal Match,
Tokyo 2020,Hockey,Oi Hockey Stadium - North Pitch,2021-08-05,19:00:00,21:10:00,Men's Gold Medal Match / Men's Victory Ceremony,
Tokyo 2020,Hockey,Oi Hockey Stadium - North Pitch,2021-08-06,10:30:00,12:15:00,Women's Bronze Medal Match,
Tokyo 2020,Hockey,Oi Hockey Stadium - North Pitch,2021-08-06,19:00:00,21:10:00,Women's Gold Medal Match / Women's Victory Ceremony,
Tokyo 2020,Judo,Nippon Budokan,2021-07-24,11:00:00,14:30:00,Women -48 kg Elimination Rounds / Women -48 kg Quarterfinals / Men -60 kg Elimination Rounds / Men -60 kg Quarterfinals Women -48 kg Repechage /,
Tokyo 2020,Judo,Nippon Budokan,2021-07-24,17:00:00,19:40:00,Women -48 kg Semifinals / Men -60 kg Repechage / Men -60 kg Semifinals / Women -48 kg Contests for Bronze Medal / Women -48 kg Final / Men -60 kg Contests for Bronze Medal / Men -60 kg Final / Women -48 kg Victory Ceremony /,
Tokyo 2020,Judo,Nippon Budokan,2021-07-25,11:00:00,14:30:00,Men -60 kg Victory Ceremony Women -52 kg Elimination Rounds / Women -52 kg Quarterfinals / Men -66 kg Elimination Rounds / Men -66 kg Quarterfinals Women -52 kg Repechage /,
Tokyo 2020,Judo,Nippon Budokan,2021-07-25,17:00:00,19:40:00,Women -52 kg Semifinals / Men -66 kg Repechage / Men -66 kg Semifinals / Women -52 kg Contests for Bronze Medal / Women -52 kg Final / Men -66 kg Contests for Bronze Medal / Men -66 kg Final / Women -52 kg Victory Ceremony /,
Tokyo 2020,Judo,Nippon Budokan,2021-07-26,11:00:00,14:30:00,Men -66 kg Victory Ceremony Women -57kg Elimination Rounds / Women -57 kg Quarterfinals / Men -73 kg Elimination Rounds / Men -73 kg Quarterfinals Women -57 kg Repechage /,
Tokyo 2020,Judo,Nippon Budokan,2021-07-26,17:00:00,19:40:00,Women -57 kg Semifinals / Men -73 kg Repechage / Men -73 kg Semifinals / Women -57 kg Contests for Bronze Medal / Women -57 kg Final / Men -73 kg Contests for Bronze Medal / Men -73 kg Final / Women -57 kg Victory Ceremony /,
Tokyo 2020,Judo,Nippon Budokan,2021-07-27,11:00:00,14:30:00,Men -73 kg Victory Ceremony Women -63kg Elimination Rounds / Women -63 kg Quarterfinals / Men -81 kg Elimination Rounds / Men -81 kg Quarterfinals Women -63 kg Repechage /,
Tokyo 2020,Judo,Nippon Budokan,2021-07-27,17:00:00,19:40:00,Women -63 kg Semifinals / Men -81 kg Repechage / Men -81 kg Semifinals / Women -63 kg Contests for Bronze Medal / Women -63 kg Final / Men -81 kg Contests for Bronze Medal / Men -81 kg Final / Women -63 kg Victory Ceremony / Men -81 kg Victory Ceremony,
Tokyo 2020,Judo,Nippon Budokan,2021-07-28,11:00:00,14:30:00,EVENT Women -70kg Elimination Rounds / Women -70 kg Quarterfinals / Men -90 kg Elimination Rounds / Men -90 kg Quarterfinals Women -70 kg Repechage /,
Tokyo 2020,Judo,Nippon Budokan,2021-07-28,17:00:00,19:40:00,Women -70 kg Semifinals / Men -90 kg Repechage / Men -90 kg Semifinals / Women -70 kg Contests for Bronze Medal / Women -70 kg Final / Men -90 kg Contests for Bronze Medal / Men -90 kg Final / Women -70 kg Victory Ceremony /,
Tokyo 2020,Judo,Nippon Budokan,2021-07-29,11:00:00,14:30:00,Men -90 kg Victory Ceremony Women -78 kg Elimination Rounds / Women -78 kg Quarterfinals / Men -100kg Elimination Rounds / Men -100 kg Quarterfinals Women -78 kg Repechage /,
Tokyo 2020,Judo,Nippon Budokan,2021-07-29,17:00:00,19:40:00,Women -78 kg Semifinals / Men -100 kg Repechage / Men -100 kg Semifinals / Women -78 kg Contests for Bronze Medal / Women -78 kg Final / Men -100 kg Contests for Bronze Medal / Men -100 kg Final / Women -78 kg Victory Ceremony /,
Tokyo 2020,Judo,Nippon Budokan,2021-07-30,11:00:00,14:30:00,Men -100 kg Victory Ceremony Women +78 kg Elimination Rounds / Women +78 kg Quarterfinals / Men +100kg Elimination Rounds / Men +100 kg Quarterfinals Women +78 kg Repechage /,
Tokyo 2020,Judo,Nippon Budokan,2021-07-30,17:00:00,19:40:00,Women +78 kg Semifinals / Men +100 kg Repechage / Men +100 kg Semifinals / Women +78 kg Contests for Bronze Medal / Women +78 kg Final / Men +100 kg Contests for Bronze Medal / Men +100 kg Final / Women +78 kg Victory Ceremony /,
Tokyo 2020,Judo,Nippon Budokan,2021-07-31,11:00:00,14:30:00,Men +100 kg Victory Ceremony Mixed Team Elimination rounds / Mixed Team Quarterfinals / Mixed Team Repechage / Mixed Team Semifinals,
Tokyo 2020,Judo,Nippon Budokan,2021-07-31,17:00:00,19:40:00,Mixed Team Match for Bronze Medal / Mixed Team Final / Mixed Team Victory Ceremony,
Tokyo 2020,Karate,Nippon Budokan,2021-08-05,10:00:00,14:45:00,Women's Kata Elimination Round / Women's Kata Ranking Round / Men's Kumite -67 kg Elimination Round Women's Kumite -55 kg Elimination Round / Women's Kata Bronze Medal Bouts /,
Tokyo 2020,Karate,Nippon Budokan,2021-08-05,17:00:00,21:40:00,Women's Kata Final Bout / Men's Kumite -67 kg Semifinals / Women's Kumite -55 kg Semifinals / Men's Kumite -67 kg Final / Women's Kumite -55 kg Final / Women's Kata Victory Ceremony /,
Tokyo 2020,Karate,Nippon Budokan,2021-08-06,10:00:00,14:45:00,Men's Kumite -67 kg Victory Ceremony / Women's Kumite -55 kg Victory Ceremony Men's Kata Elimination Round / Men's Kata Ranking Round / Women's Kumite -61 kg Elimination Round Men's Kumite -75 kg Elimination Round / Men's Kata Bronze Medal Bouts /,
Tokyo 2020,Karate,Nippon Budokan,2021-08-06,17:00:00,21:40:00,Men's Kata Final Bout / Women's Kumite -61 kg Semifinals / Men's Kumite -75 kg Semifinals / Women's Kumite -61 kg Final / Men's Kumite -75 kg Final / Men's Kata Victory Ceremony / Women's Kumite -61 kg Victory Ceremony / Men's Kumite -75 kg Victory Ceremony,
Tokyo 2020,Karate,Nippon Budokan,2021-08-07,14:00:00,20:35:00,Women's Kumite +61 kg Elimination Round / Men's Kumite +75 kg Elimination Round / Women's Kumite +61 kg Semifinals / Men's Kumite +75 kg Semifinals / Women's Kumite +61 kg Final / Men's Kumite +75 kg Final / Women's Kumite +61 kg Victory Ceremony /,
Tokyo 2020,Marathon Swimming,Odaiba Marine Park,2021-08-04,07:00:00,09:40:00,Men's Kumite +75 kg Victory Ceremony Women's 10km / Women's Victory Ceremony,
Tokyo 2020,Marathon Swimming,Odaiba Marine Park,2021-08-05,07:00:00,09:40:00,Men's 10km / Men's Victory Ceremony,
Tokyo 2020,Modern Pentathlon,Musashino Forest Sport Plaza,2021-08-05,13:00:00,19:30:00,Women's Fencing Ranking Round / Men's Fencing Ranking Round,
Tokyo 2020,Modern Pentathlon,Tokyo Stadium,2021-08-06,14:30:00,20:15:00,EVENT Women's Swimming / Women's Fencing Bonus Round / Women's Riding Show Jumping / Women's Laser Run / Women's Victory Ceremony,
Tokyo 2020,Modern Pentathlon,Tokyo Stadium,2021-08-07,14:30:00,20:15:00,Men's Swimming / Men's Fencing Bonus Round / Men's Riding Show Jumping / Men's Laser Run /,
Tokyo 2020,Rhythmic Gymnastics,Ariake Gymnastics Centre,2021-08-06,10:20:00,13:15:00,Men's Victory Ceremony Women's Individual All-Around Qualification,
Tokyo 2020,Rhythmic Gymnastics,Ariake Gymnastics Centre,2021-08-06,14:50:00,17:45:00,Women's Individual All-Around Qualification,
Tokyo 2020,Rhythmic Gymnastics,Ariake Gymnastics Centre,2021-08-07,10:00:00,12:40:00,Women's Group All-Around Qualification,
Tokyo 2020,Rhythmic Gymnastics,Ariake Gymnastics Centre,2021-08-07,15:20:00,17:50:00,Women's Individual All-Around Final / Women's Individual All-Around Victory Ceremony,
Tokyo 2020,Rhythmic Gymnastics,Ariake Gymnastics Centre,2021-08-08,11:00:00,12:45:00,Women's Group All-Around Final / Women's Group All-Around Victory Ceremony Men's Single Sculls Heats /,
Tokyo 2020,Rowing,Sea Forest Waterway,2021-07-23,08:30:00,12:10:00,Women's Single Sculls Heats / Men's Double Sculls Heats / Women's Double Sculls Heats / Men's Quadruple Sculls Heats / Women's Quadruple Sculls Heats Women's Single Sculls Repechages /,
Tokyo 2020,Rowing,Sea Forest Waterway,2021-07-24,08:30:00,12:30:00,Men's Single Sculls Repechages / Women's Double Sculls Repechage / Men's Double Sculls Repechage / Women's Pair Heats / Men's Pair Heats / Women's Lightweight Double Sculls Heats / Men's Lightweight Double Sculls Heats / Women's Four Heats / Men's Four Heats,
Tokyo 2020,Rowing,Sea Forest Waterway,2021-07-25,09:00:00,11:40:00,Men's Single Sculls Semifinals E/F / Women's Single Sculls Semifinals E/F / Men's Pair Repechage / Women's Pair Repechage / Men's Lightweight Double Sculls Repechages / Women's Lightweight Double Sculls Repechages / Men's Quadruple Sculls Repechage / Women's Quadruple Sculls Repechage / Men's Eight Heats /,
Tokyo 2020,Rowing,Sea Forest Waterway,2021-07-26,09:00:00,11:20:00,Women's Eight Heats Women's Single Sculls Quarterfinals / Men's Single Sculls Quarterfinals / Women's Double Sculls Semifinals / Men's Double Sculls Semifinals / Women's Four Repechage / Men's Four Repechage Men's Single Sculls Semifinals C/D / Women's Single Sculls Semifinals C/D /,
Tokyo 2020,Rowing,Sea Forest Waterway,2021-07-27,08:30:00,12:00:00,Men's Lightweight Double Sculls Final C / Women's Lightweight Double Sculls Final C / Men's Quadruple Sculls Final B / Women's Quadruple Sculls Final B / Men's Quadruple Sculls Final A / Women's Quadruple Sculls Final A / Men's Quadruple Sculls Victory Ceremony / Men's Pair Semifinals A/B / Women's Quadruple Sculls Victory Ceremony / Women's Pair Semifinals A/B / Men's Lightweight Double Sculls Semifinals A/B / Women's Lightweight Double Sculls Semifinals A/B,
Tokyo 2020,Rowing,Sea Forest Waterway,2021-07-28,08:30:00,11:40:00,Women's Double Sculls Final B / Men's Double Sculls Final B / Women's Four Final B / Men's Four Final B / Women's Double Sculls Final A / Men's Double Sculls Final A / Women's Double Sculls Victory Ceremony / Women's Four Final A / Men's Double Sculls Victory Ceremony / Men's Four Finals A / Women's Four Victory Ceremony / Women's Eight Repechage / Men's Four Victory Ceremony / Men's Eight Repechage / Women's Single Sculls Semifinals A/B / Men's Single Sculls Semifinals A/B,
Tokyo 2020,Rowing,Sea Forest Waterway,2021-07-29,08:30:00,11:50:00,EVENT Men's Single Sculls Final F / Women's Single Sculls Final F / Men's Single Sculls Final E / Women's Single Sculls Final E / Men's Pair Final A / Women's Pair Final A / Men's Pair Victory Ceremony / Men's Lightweight Double Sculls Final A / Women's Pair Victory Ceremony / Women's Lightweight Double Sculls Final A / Men's Lightweight Double Sculls Victory Ceremony / Men's Pairs Final B / Women's Lightweight Double Sculls Victory Ceremony / Women's Pairs Final B / Men's Lightweight Double Sculls Final B / Women's Lightweight Double Sculls Final B / Women's Single Sculls Final D /,
Tokyo 2020,Rowing,Sea Forest Waterway,2021-07-30,08:45:00,10:55:00,Men's Single Sculls Final D Women's Single Sculls Final C / Men's Single Sculls Final C / Women's Single Sculls Final B / Men's Single Sculls Final B / Women's Single Sculls Final A / Men's Single Sculls Final A / Women's Single Sculls Victory Ceremony / Women's Eight Final A / Men's Single Sculls Victory Ceremony /,
Tokyo 2020,Rugby,Tokyo Stadium,2021-07-26,09:00:00,12:00:00,Men's Eight Final A / Women's Eight Victory Ceremony / Men's Eight Victory Ceremony Men's Pool Round (6 matches),
Tokyo 2020,Rugby,Tokyo Stadium,2021-07-26,16:30:00,19:30:00,Men's Pool Round (6 matches),
Tokyo 2020,Rugby,Tokyo Stadium,2021-07-27,09:00:00,12:00:00,Men's Pool Round (6 matches),
Tokyo 2020,Rugby,Tokyo Stadium,2021-07-27,16:30:00,19:30:00,Men's Placing 9-12 (2 matches) / Men's Quarter-finals (4 matches),
Tokyo 2020,Rugby,Tokyo Stadium,2021-07-28,09:00:00,12:00:00,Men's Placing 11-12 / Men's Placing 9-10 / Men's Placing 5-8 (2 matches) / Men's Semi-finals (2 matches),
Tokyo 2020,Rugby,Tokyo Stadium,2021-07-28,16:30:00,19:00:00,Men's Placing 7-8 / Men's Placing 5-6 / Men's Bronze Medal Match / Men's Gold Medal Match /,
Tokyo 2020,Rugby,Tokyo Stadium,2021-07-29,09:00:00,12:00:00,Men's Victory Ceremony Women's Pool Round (6 matches),
Tokyo 2020,Rugby,Tokyo Stadium,2021-07-29,16:30:00,19:30:00,Women's Pool Round (6 matches),
Tokyo 2020,Rugby,Tokyo Stadium,2021-07-30,09:00:00,12:00:00,Women's Pool Round (6 matches),
Tokyo 2020,Rugby,Tokyo Stadium,2021-07-30,16:30:00,19:30:00,Women's Placing 9-12 (2 matches) / Women's Quarter-finals (4 matches),
Tokyo 2020,Rugby,Tokyo Stadium,2021-07-31,09:00:00,12:00:00,Women's Placing 11-12 / Women's Placing 9-10 / Women's Placing 5-8 (2 matches) / Women's Semi-finals (2 matches),
Tokyo 2020,Rugby,Tokyo Stadium,2021-07-31,16:30:00,19:00:00,Women's Placing 7-8 / Women's Placing 5-6 / Women's Bronze Medal Match / Women's Gold Medal Match / Women's Victory Ceremony,
Tokyo 2020,Sailing,Enoshima Yacht Harbour,2021-07-25,12:00:00,18:00:00,RS:X Men / RS:X Women / Laser Men / Laser Radial Women,
Tokyo 2020,Sailing,Enoshima Yacht Harbour,2021-07-26,12:00:00,18:00:00,RS:X Men / RS:X Women / Laser Men / Laser Radial Women,
Tokyo 2020,Sailing,Enoshima Yacht Harbour,2021-07-27,12:00:00,18:00:00,Laser Men / Laser Radial Women / Finn Men / 49er Men / 49er FX Women RS:X Men /,
Tokyo 2020,Sailing,Enoshima Yacht Harbour,2021-07-28,12:00:00,18:00:00,RS:X Women / Finn Men / 470 Men / 470 Women / 49er Men / 49er FX Women / Foiling Nacra 17 Mixed,
Tokyo 2020,Sailing,Enoshima Yacht Harbour,2021-07-29,12:00:00,18:00:00,RS:X Men / RS:X Women / Laser Men / Laser Radial Women / Finn Men / 470 Men / 470 Women / Foiling Nacra 17 Mixed,
Tokyo 2020,Sailing,Enoshima Yacht Harbour,2021-07-30,12:00:00,18:00:00,EVENT Laser Men / Laser Radial Women / 470 Men / 470 Women / 49er Men / 49er FX Women,
Tokyo 2020,Sailing,Enoshima Yacht Harbour,2021-07-31,12:00:00,18:00:00,Finn Men / 49er Men / 49er FX Women / Foiling Nacra 17 Mixed / RS:X Women - Medal Race / RS:X Men - Medal Race / RS:X Women - Victory Ceremony / RS:X Men - Victory Ceremony,
Tokyo 2020,Sailing,Enoshima Yacht Harbour,2021-08-01,12:00:00,18:00:00,Finn Men / 470 Men / 470 Women / Foiling Nacra 17 Mixed / Laser Men - Medal Race / Laser Radial Women - Medal Race / Laser Men - Victory Ceremony / Laser Radial Women - Victory Ceremony,
Tokyo 2020,Sailing,Enoshima Yacht Harbour,2021-08-02,12:00:00,18:00:00,470 Men / 470 Women / 49er FX Women - Medal Race / 49er Men - Medal Race / 49er FX Women - Victory Ceremony / 49er Men - Victory Ceremony,
Tokyo 2020,Sailing,Enoshima Yacht Harbour,2021-08-03,14:30:00,16:55:00,Finn Men - Medal Race / Foiling Nacra 17 Mixed - Medal Race / Finn Men - Victory Ceremony / Foiling Nacra 17 Mixed - Victory Ceremony,
Tokyo 2020,Sailing,Enoshima Yacht Harbour,2021-08-04,14:30:00,16:55:00,470 Men - Medal Race / 470 Women - Medal Race / 470 Men - Victory Ceremony / 470 Women - Victory Ceremony,
Tokyo 2020,Shooting,Asaka Shooting Range - R＆P Qual.＆Finals,2021-07-24,08:30:00,16:30:00,10m Air Rifle Women's Qualification / 10m Air Rifle Women's Finals / 10m Air Rifle Women's Victory Ceremony / 10m Air Pistol Men's Qualification / 10m Air Pistol Men's Finals /,
Tokyo 2020,Shooting,Asaka Shooting Range - Shotgun Range,2021-07-25,09:00:00,16:00:00,10m Air Pistol Men's Victory Ceremony Skeet Women's Qualification - Day 1 / Skeet Men's Qualification - Day 1 10m Air Pistol Women's Qualification /,
Tokyo 2020,Shooting,Asaka Shooting Range - R＆P Qual.＆Finals,2021-07-25,09:00:00,16:30:00,10m Air Pistol Women's Finals / 10m Air Pistol Women's Victory Ceremony / 10m Air Rifle Men's Qualification / 10m Air Rifle Men's Finals / 10m Air Rifle Men's Victory Ceremony,
Tokyo 2020,Shooting,Asaka Shooting Range - Shotgun Range,2021-07-26,09:00:00,17:15:00,Skeet Women's Qualification - Day 2 / Skeet Men's Qualification - Day 2 / Skeet Women's Finals / Skeet Men's Finals / Skeet Women's Victory Ceremony / Skeet Men's Victory Ceremony,
Tokyo 2020,Shooting,Asaka Shooting Range - R＆P Qual.＆Finals,2021-07-27,09:00:00,16:30:00,10m Air Pistol Mixed Team Qualification / 10m Air Pistol Mixed Team Finals / 10m Air Pistol Mixed Team Victory Ceremony / 10m Air Rifle Mixed Team Qualification / 10m Air Rifle Mixed Team Finals /,
Tokyo 2020,Shooting,Asaka Shooting Range - Shotgun Range,2021-07-28,09:00:00,16:00:00,10m Air Rifle Mixed Team Victory Ceremony Trap Women's Qualification - Day 1 / Trap Men's Qualification - Day 1,
Tokyo 2020,Shooting,Asaka Shooting Range - R＆P Finals Hall,2021-07-29,09:00:00,12:45:00,25m Pistol Women's Precision Stage Trap Women's Qualification - Day 2 /,
Tokyo 2020,Shooting,Asaka Shooting Range - Shotgun Range,2021-07-29,09:00:00,16:55:00,Trap Men's Qualification - Day 2 / Trap Women's Finals / Trap Men's Finals / Trap Women's Victory Ceremony /,
Tokyo 2020,Shooting,Asaka Shooting Range - R＆P Finals Hall,2021-07-30,09:00:00,15:00:00,Trap Men's Victory Ceremony 25m Pistol Women's Qualification / 25m Pistol Women's Finals / 25m Pistol Women's Victory Ceremony,
Tokyo 2020,Shooting,Asaka Shooting Range - Shotgun Range,2021-07-31,09:00:00,14:50:00,Trap Mixed Team Qualification / Trap Mixed Team Finals / Trap Mixed Team Victory Ceremony,
Tokyo 2020,Shooting,Asaka Shooting Range - R＆P Qual.＆Finals,2021-07-31,12:00:00,17:10:00,50m Rifle 3 Positions Women's Qualification / 50m Rifle 3 Positions Women's Finals /,
Tokyo 2020,Shooting,Asaka Shooting Range - R＆P Finals Hall,2021-08-01,08:30:00,13:15:00,50m Rifle 3 Positions Women's Victory Ceremony 25m Rapid Fire Pistol Men's Qualification - Stage 1 25m Rapid Fire Pistol Men's Qualification - Stage 2 /,
Tokyo 2020,Shooting,Asaka Shooting Range - R＆P Qual.＆Finals,2021-08-02,08:30:00,18:00:00,50m Rifle 3 Positions Men's Qualification / 25m Rapid Fire Pistol Men's Finals / 25m Rapid Fire Pistol Men's Victory Ceremony / 50m Rifle 3 Positions Men's Finals /,
Tokyo 2020,Skateboarding,Ariake Urban Sports Park,2021-07-25,09:00:00,13:55:00,50m Rifle 3 Positions Men's Victory Ceremony Men's Street Prelims Heats / Men's Street Final / Men's Street Victory Ceremony,
Tokyo 2020,Skateboarding,Ariake Urban Sports Park,2021-07-26,09:00:00,13:55:00,EVENT Women's Street Prelims Heats / Women's Street Final / Women's Street Victory Ceremony,
Tokyo 2020,Skateboarding,Ariake Urban Sports Park,2021-08-04,09:00:00,13:40:00,Women's Park Prelims Heats / Women's Park Final / Women's Park Victory Ceremony,
Tokyo 2020,Skateboarding,Ariake Urban Sports Park,2021-08-05,09:00:00,13:40:00,Men's Park Prelims Heats / Men's Park Final / Men's Park Victory Ceremony,
Tokyo 2020,Sport Climbing,Aomi Urban Sports Park,2021-08-03,17:00:00,22:40:00,Men's Combined Qualification - Speed / Men's Combined Qualification - Bouldering / Men's Combined Qualification - Lead,
Tokyo 2020,Sport Climbing,Aomi Urban Sports Park,2021-08-04,17:00:00,22:40:00,Women's Combined Qualification - Speed / Women's Combined Qualification - Bouldering / Women's Combined Qualification - Lead,
Tokyo 2020,Sport Climbing,Aomi Urban Sports Park,2021-08-05,17:30:00,22:20:00,Men's Combined Final - Speed / Men's Combined Final - Bouldering / Men's Combined Final - Lead / Men's Combined Victory Ceremony,
Tokyo 2020,Sport Climbing,Aomi Urban Sports Park,2021-08-06,17:30:00,22:20:00,Women's Combined Final - Speed / Women's Combined Final - Bouldering / Women's Combined Final - Lead / Women's Combined Victory Ceremony Men's Round 1 /,
Tokyo 2020,Surfing,Tsurigasaki Surfing Beach,2021-07-25,07:00:00,16:20:00,"Women's Round 1 / Men's Round 2 / Women's Round 2 *The competition schedule is subjected to change depending on the wave conditions. If conditions allow, the competition can be completed in four days, but it is possible that more time could be required. Because of this, the actual competition days for the Surfing events will be held with 4 days schedule during the Olympic Surfing Festival from 25 July to 1 August.",
Tokyo 2020,Surfing,Tsurigasaki Surfing Beach,2021-07-26,07:00:00,16:40:00,"Women's Round 3 / Men's Round 3 *The competition schedule is subjected to change depending on the wave conditions. If conditions allow, the competition can be completed in four days, but it is possible that more time could be required. Because of this, the actual competition days for the Surfing events will be held with 4 days schedule during the Olympic Surfing Festival from 25 July to 1 August.",
Tokyo 2020,Surfing,Tsurigasaki Surfing Beach,2021-07-27,07:00:00,14:20:00,"Men's Quarterfinals / Women's Quarterfinals / Men's Semifinals / Women's Semifinals *The competition schedule is subjected to change depending on the wave conditions. If conditions allow, the competition can be completed in four days, but it is possible that more time could be required. Because of this, the actual competition days for the Surfing events will be held with 4 days schedule during the Olympic Surfing Festival from 25 July to 1 August.",
Tokyo 2020,Surfing,Tsurigasaki Surfing Beach,2021-07-28,08:00:00,11:35:00,"Women's Bronze medal match / Men's Bronze medal match / Women's Gold medal match / Men's Gold medal match / Women's Victory Ceremony / Men's Victory Ceremony *The competition schedule is subjected to change depending on the wave conditions. If conditions allow, the competition can be completed in four days, but it is possible that more time could be required. Because of this, the actual competition days for the Surfing events will be held with 4 days schedule during the Olympic Surfing Festival from",
Tokyo 2020,Swimming,Tokyo Aquatics Centre,2021-07-24,19:00:00,21:30:00,Men's 400m Individual Medley - Heats / Women's 100m Butterfly - Heats / Men's 400m Freestyle - Heats / Women's 400m Individual Medley - Heats / Men's 100m Breaststroke - Heats / Women's 4 x 100m Freestyle Relay - Heats Men's 400m Individual Medley Final /,
Tokyo 2020,Swimming,Tokyo Aquatics Centre,2021-07-25,10:30:00,12:20:00,Women's 100m Butterfly Semifinals / Men's 400m Freestyle Final / Men's 400m Individual Medley Victory Ceremony / Women's 400m Individual Medley Final / Men's 400m Freestyle Victory Ceremony / Men's 100m Breaststroke Semifinals / Women's 4 x 100m Freestyle Relay Final / Women's 400m Individual Medley Victory Ceremony /,
Tokyo 2020,Swimming,Tokyo Aquatics Centre,2021-07-25,19:00:00,21:30:00,Women's 4 x 100m Freestyle Relay Victory Ceremony Women's 100m Backstroke - Heats / Men's 200m Freestyle - Heats / Women's 100m Breaststroke - Heats / Men's 100m Backstroke - Heats / Women's 400m Freestyle - Heats / Men's 4 x 100m Freestyle Relay - Heats Women's 100m Butterfly Final /,
Tokyo 2020,Swimming,Tokyo Aquatics Centre,2021-07-26,10:30:00,12:40:00,Men's 200m Freestyle Semifinals / Women's 100m Breaststroke Semifinals / Women's 100m Butterfly Victory Ceremony / Men's 100m Breaststroke Final / Women's 400m Freestyle Final / Men's 100m Backstroke Semifinals / Men's 100m Breaststroke Victory Ceremony / Women's 100m Backstroke Semifinals / Men's 4 x 100m Freestyle Relay Final /,
Tokyo 2020,Swimming,Tokyo Aquatics Centre,2021-07-26,19:00:00,21:30:00,Women's 400m Freestyle Victory Ceremony / Men's 4 x 100m Freestyle Relay Victory Ceremony Women's 200m Freestyle - Heats / Men's 200m Butterfly - Heats / Women's 200m Individual Medley - Heats / Women's 1500m Freestyle - Heats Women's 200m Freestyle Semifinals /,
Tokyo 2020,Swimming,Tokyo Aquatics Centre,2021-07-27,10:30:00,12:25:00,Men's 200m Freestyle Final / Women's 100m Backstroke Final / Men's 100m Backstroke Final / Men's 200m Freestyle Victory Ceremony / Women's 100m Breaststroke Final / Women's 100m Backstroke Victory Ceremony / Men's 200m Butterfly Semifinals / Men's 100m Backstroke Victory Ceremony / Women's 200m Individual Medley Semifinals /,
Tokyo 2020,Swimming,Tokyo Aquatics Centre,2021-07-27,19:00:00,21:30:00,Women's 100m Breaststroke Victory Ceremony Men's 100m Freestyle - Heats / Women's 200m Butterfly - Heats / Men's 200m Breaststroke - Heats / Men's 4 x 200m Freestyle Relay - Heats / Men's 800m Freestyle - Heats Men's 100m Freestyle Semifinals / Women's 200m Freestyle Final /,
Tokyo 2020,Swimming,Tokyo Aquatics Centre,2021-07-28,10:30:00,13:05:00,Men's 200m Butterfly Final / Women's 200m Butterfly Semifinals / Women's 200m Freestyle Victory Ceremony / Men's 200m Breaststroke Semifinals / Men's 200m Butterfly Victory Ceremony / Women's 200m Individual Medley Final / Women's 1500m Freestyle Final / Women's 200m Individual Medley Victory Ceremony / Men's 4 x 200m Freestyle Relay Final /,
Tokyo 2020,Swimming,Tokyo Aquatics Centre,2021-07-28,19:00:00,21:30:00,Women's 1500m Freestyle Victory Ceremony / Men's 4 x 200m Freestyle Victory Ceremony Women's 100m Freestyle - Heats / Men's 200m Backstroke - Heats / Women's 200m Breaststroke - Heats / Men's 200m Individual Medley - Heats / Women's 4 x 200m Freestyle Relay - Heats,
Tokyo 2020,Swimming,Tokyo Aquatics Centre,2021-07-29,10:30:00,13:10:00,EVENT Men's 800m Freestyle Final / Men's 200m Breaststroke Final / Women's 100m Freestyle Semifinals / Men's 200m Backstroke Semifinals / Men's 800m Freestyle Victory Ceremony / Women's 200m Butterfly Final / Men's 100m Freestyle Final / Men's 200m Breaststroke Victory Ceremony / Women's 200m Breaststroke Semifinals / Men's 200m Individual Medley Semifinals / Women's 200m Butterfly Victory Ceremony / Women's 4 x 200m Freestyle Relay Final /,
Tokyo 2020,Swimming,Tokyo Aquatics Centre,2021-07-29,19:00:00,21:30:00,Men's 100m Freestyle Victory Ceremony / Women's 4 x 200m Freestyle Relay Victory Ceremony Women's 800m Freestyle - Heats / Men's 100m Butterfly - Heats / Women's 200m Backstroke - Heats / Mixed 4 x 100m Medley Relay - Heats Men's 100m Butterfly Semifinals /,
Tokyo 2020,Swimming,Tokyo Aquatics Centre,2021-07-30,10:30:00,12:10:00,Women's 200m Breaststroke Final / Men's 200m Backstroke Final / Women's 100m Freestyle Final / Women's 200m Breaststroke Victory Ceremony / Men's 200m Individual Medley Final / Men's 200m Backstroke Victory Ceremony / Women's 200m Backstroke Semifinals / Women's 100m Freestyle Victory Ceremony /,
Tokyo 2020,Swimming,Tokyo Aquatics Centre,2021-07-30,19:00:00,21:30:00,Men's 200m Individual Medley Victory Ceremony Men's 50m Freestyle - Heats / Women's 50m Freestyle - Heats / Men's 1500m Freestyle - Heats / Women's 4 x 100m Medley Relay - Heats / Men's 4 x 100m Medley Relay - Heats Men's 100m Butterfly Final /,
Tokyo 2020,Swimming,Tokyo Aquatics Centre,2021-07-31,10:30:00,12:20:00,Women's 200m Backstroke Final / Women's 800m Freestyle Final / Men's 100m Butterfly Victory Ceremony / Men's 50m Freestyle Semifinals / Women's 200m Backstroke Victory Ceremony / Women's 50m Freestyle Semifinals / Mixed 4 x 100m Medley Relay Final / Women's 800m Freestyle Victory Ceremony / Mixed 4 x 100m Medley Relay Victory Ceremony,
Tokyo 2020,Swimming,Tokyo Aquatics Centre,2021-08-01,10:30:00,12:25:00,Men's 50m Freestyle Final / Women's 50m Freestyle Final / Men's 1500m Freestyle Final / Men's 50m Freestyle Victory Ceremony / Women's 4 x 100m Medley Relay Final / Women's 50m Freestyle Victory Ceremony / Men's 4 x 100m Medley Relay Final / Men's 1500m Freestyle Victory Ceremony /,
Tokyo 2020,Table Tennis,Tokyo Metropolitan Gymnasium,2021-07-24,09:00:00,12:45:00,Women's 4 x 100m Medley Relay Victory Ceremony / Men's 4 x 100m Medley Relay Victory Ceremony Men's Singles Preliminary Round / Women's Singles Preliminary Round / Mixed Doubles Round of 16,
Tokyo 2020,Table Tennis,Tokyo Metropolitan Gymnasium,2021-07-24,14:15:00,17:15:00,Men's Singles Round 1 / Women's Singles Round 1,
Tokyo 2020,Table Tennis,Tokyo Metropolitan Gymnasium,2021-07-24,19:30:00,22:30:00,Men's Singles Round 1 / Women's Singles Round 1,
Tokyo 2020,Table Tennis,Tokyo Metropolitan Gymnasium,2021-07-25,10:00:00,12:00:00,Mixed Doubles Quarterfinals,
Tokyo 2020,Table Tennis,Tokyo Metropolitan Gymnasium,2021-07-25,14:00:00,17:45:00,Men's Singles Round 2 / Women's Singles Round 2,
Tokyo 2020,Table Tennis,Tokyo Metropolitan Gymnasium,2021-07-25,20:00:00,22:00:00,Mixed Doubles Semifinals,
Tokyo 2020,Table Tennis,Tokyo Metropolitan Gymnasium,2021-07-26,10:00:00,13:00:00,Men's Singles Round 2 / Women's Singles Round 2,
Tokyo 2020,Table Tennis,Tokyo Metropolitan Gymnasium,2021-07-26,14:30:00,17:30:00,Men's Singles Round 3 / Women's Singles Round 3,
Tokyo 2020,Table Tennis,Tokyo Metropolitan Gymnasium,2021-07-26,20:00:00,22:10:00,Mixed Doubles Bronze Medal Match / Mixed Doubles Gold Medal Match / Mixed Doubles Victory Ceremony,
Tokyo 2020,Table Tennis,Tokyo Metropolitan Gymnasium,2021-07-27,10:00:00,13:00:00,Men's Singles Round 3 / Women's Singles Round 3,
Tokyo 2020,Table Tennis,Tokyo Metropolitan Gymnasium,2021-07-27,14:30:00,17:30:00,Men's Singles Round 3 / Women's Singles Round 3 / Men's Singles Round of 16 / Women's Singles Round of 16,
Tokyo 2020,Table Tennis,Tokyo Metropolitan Gymnasium,2021-07-27,19:30:00,22:30:00,Men's Singles Round of 16 / Women's Singles Round of 16,
Tokyo 2020,Table Tennis,Tokyo Metropolitan Gymnasium,2021-07-28,10:00:00,13:00:00,Women's Singles Quarterfinals / Men's Singles Quarterfinals,
Tokyo 2020,Table Tennis,Tokyo Metropolitan Gymnasium,2021-07-28,15:00:00,18:00:00,Women's Singles Quarterfinals / Men's Singles Quarterfinals,
Tokyo 2020,Table Tennis,Tokyo Metropolitan Gymnasium,2021-07-28,20:00:00,22:00:00,Men's Singles Quarterfinals,
Tokyo 2020,Table Tennis,Tokyo Metropolitan Gymnasium,2021-07-29,11:00:00,13:00:00,Women's Singles Semifinals,
Tokyo 2020,Table Tennis,Tokyo Metropolitan Gymnasium,2021-07-29,15:00:00,17:00:00,Men's Singles Semifinals,
Tokyo 2020,Table Tennis,Tokyo Metropolitan Gymnasium,2021-07-29,20:00:00,22:10:00,Women's Singles Bronze Medal Match / Women's Singles Gold Medal Match / Women's Singles Victory Ceremony,
Tokyo 2020,Table Tennis,Tokyo Metropolitan Gymnasium,2021-07-30,20:00:00,22:10:00,Men's Singles Bronze Medal Match / Men's Singles Gold Medal Match / Men's Singles Victory Ceremony,
Tokyo 2020,Table Tennis,Tokyo Metropolitan Gymnasium,2021-08-01,10:00:00,13:00:00,EVENT Men's Team Round of 16 / Women's Team Round of 16,
Tokyo 2020,Table Tennis,Tokyo Metropolitan Gymnasium,2021-08-01,14:30:00,17:30:00,Men's Team Round of 16 / Women's Team Round of 16,
Tokyo 2020,Table Tennis,Tokyo Metropolitan Gymnasium,2021-08-01,19:30:00,22:30:00,Men's Team Round of 16 / Women's Team Round of 16,
Tokyo 2020,Table Tennis,Tokyo Metropolitan Gymnasium,2021-08-02,10:00:00,13:00:00,Men's Team Round of 16 / Women's Team Round of 16,
Tokyo 2020,Table Tennis,Tokyo Metropolitan Gymnasium,2021-08-02,14:30:00,17:30:00,Men's Team Quarterfinals / Women's Team Quarterfinals,
Tokyo 2020,Table Tennis,Tokyo Metropolitan Gymnasium,2021-08-02,19:30:00,22:30:00,Men's Team Quarterfinals / Women's Team Quarterfinals,
Tokyo 2020,Table Tennis,Tokyo Metropolitan Gymnasium,2021-08-03,10:00:00,13:00:00,Men's Team Quarterfinals / Women's Team Quarterfinals,
Tokyo 2020,Table Tennis,Tokyo Metropolitan Gymnasium,2021-08-03,14:30:00,17:30:00,Men's Team Quarterfinals / Women's Team Quarterfinals,
Tokyo 2020,Table Tennis,Tokyo Metropolitan Gymnasium,2021-08-03,19:30:00,22:30:00,Women's Team Semifinals,
Tokyo 2020,Table Tennis,Tokyo Metropolitan Gymnasium,2021-08-04,10:00:00,13:00:00,Women's Team Semifinals,
Tokyo 2020,Table Tennis,Tokyo Metropolitan Gymnasium,2021-08-04,14:30:00,17:30:00,Men's Team Semifinals,
Tokyo 2020,Table Tennis,Tokyo Metropolitan Gymnasium,2021-08-04,19:30:00,22:30:00,Men's Team Semifinals,
Tokyo 2020,Table Tennis,Tokyo Metropolitan Gymnasium,2021-08-05,11:00:00,14:00:00,Women's Team Bronze Medal Team Match,
Tokyo 2020,Table Tennis,Tokyo Metropolitan Gymnasium,2021-08-05,19:30:00,22:40:00,Women's Team Gold Medal Team Match / Women's Team Victory Ceremony,
Tokyo 2020,Table Tennis,Tokyo Metropolitan Gymnasium,2021-08-06,11:00:00,14:00:00,Men's Team Bronze Medal Team Match,
Tokyo 2020,Table Tennis,Tokyo Metropolitan Gymnasium,2021-08-06,19:30:00,22:40:00,Men's Team Gold Medal Team Match / Men's Team Victory Ceremony Women -49 kg Round of 16 (8 matches) /,
Tokyo 2020,Taekwondo,Makuhari Messe Hall A,2021-07-24,10:00:00,17:00:00,Men -58 kg Round of 16 (8 matches) / Women -49 kg Quarterfinals (4 matches) / Men -58 kg Quarterfinals (4 matches) / Women -49 kg Semifinals (2 matches) / Men -58 kg Semifinals (2 matches),
Tokyo 2020,Taekwondo,Makuhari Messe Hall A,2021-07-24,19:00:00,22:40:00,Women -49 kg Repechages (2 matches) / Men -58 kg Repechages (2 matches) / Women -49 kg Bronze Medal Contests (2 matches) / Men -58 kg Bronze Medal Contests (2 matches) / Women -49 kg Gold Medal Contest / Men -58 kg Gold Medal Contest / Women -49 kg Victory Ceremony / Men -58 kg Victory Ceremony,
Tokyo 2020,Taekwondo,Makuhari Messe Hall A,2021-07-25,10:00:00,17:00:00,Women -57 kg Round of 16 (8 matches) / Men -68 kg Round of 16 (8 matches) / Women -57 kg Quarterfinals (4 matches) / Men -68 kg Quarterfinals (4 matches) / Women -57 kg Semifinals (2 matches) / Men -68 kg Semifinals (2 matches),
Tokyo 2020,Taekwondo,Makuhari Messe Hall A,2021-07-25,19:00:00,22:40:00,Women -57 kg Repechages (2 matches) / Men -68 kg Repechages (2 matches) / Women -57 kg Bronze Medal Contests (2 matches) / Men -68 kg Bronze Medal Contests (2 matches) / Women -57 kg Gold Medal Contest / Men -68 kg Gold Medal Contest / Women -57 kg Victory Ceremony / Men -68 kg Victory Ceremony,
Tokyo 2020,Taekwondo,Makuhari Messe Hall A,2021-07-26,10:00:00,17:00:00,Women -67 kg Round of 16 (8 matches) / Men -80 kg Round of 16 (8 matches) / Women -67 kg Quarterfinals (4 matches) / Men -80 kg Quarterfinals (4 matches) / Women -67 kg Semifinals (2 matches) / Men -80 kg Semifinals (2 matches),
Tokyo 2020,Taekwondo,Makuhari Messe Hall A,2021-07-26,19:00:00,22:40:00,Women -67 kg Repechages (2 matches) / Men -80 kg Repechages (2 matches) / Women -67 kg Bronze Medal Contests (2 matches) / Men -80 kg Bronze Medal Contests (2 matches) / Women -67 kg Gold Medal Contest / Men -80 kg Gold Medal Contest / Women -67 kg Victory Ceremony / Men -80 kg Victory Ceremony,
Tokyo 2020,Taekwondo,Makuhari Messe Hall A,2021-07-27,10:00:00,17:00:00,Women +67 kg Round of 16 (8 matches) / Men +80 kg Round of 16 (8 matches) / Women +67 kg Quarterfinals (4 matches) / Men +80 kg Quarterfinals (4 matches) / Women +67 kg Semifinals (2 matches) / Men +80 kg Semifinals (2 matches),
Tokyo 2020,Taekwondo,Makuhari Messe Hall A,2021-07-27,19:00:00,22:40:00,Women +67 kg Repechages (2 matches) / Men +80 kg Repechages (2 matches) / Women +67 kg Bronze Medal Contests (2 matches) / Men +80 kg Bronze Medal Contests (2 matches) / Women +67 kg Gold Medal Contest / Men +80 kg Gold Medal Contest / Women +67 kg Victory Ceremony / Men +80 kg Victory Ceremony,
Tokyo 2020,Tennis,Ariake Tennis Park - Center Court,2021-07-24,11:00:00,20:00:00,Men's Singles First Round / Women's Singles First Round / Men's Doubles First Round / Women's Doubles First Round *The above includes all possible events for this court. The final court assignments and order of play are subject to change up until the day of the session.,
Tokyo 2020,Tennis,Ariake Tennis Park - Court 1,2021-07-24,11:00:00,20:00:00,EVENT Men's Singles First Round / Women's Singles First Round / Men's Doubles First Round / Women's Doubles First Round *The above includes all possible events for this court. The final court assignments and order of play are subject to change up until the day of the session.,
Tokyo 2020,Tennis,Ariake Tennis Park - Court 2,2021-07-24,11:00:00,20:00:00,Men's Singles First Round / Women's Singles First Round / Men's Doubles First Round / Women's Doubles First Round *The above includes all possible events for this court. The final court assignments and order of play are subject to change up until the day of the session.,
Tokyo 2020,Tennis,Ariake Tennis Park - Court 3-11,2021-07-24,11:00:00,20:00:00,Men's Singles First Round / Women's Singles First Round / Men's Doubles First Round / Women's Doubles First Round *The above includes all possible events for this court. The final court assignments and order of play are subject to change up until the day of the session.,
Tokyo 2020,Tennis,Ariake Tennis Park - Center Court,2021-07-25,11:00:00,20:00:00,Men's Singles First Round / Women's Singles First Round / Men's Doubles First Round / Women's Doubles First Round *The above includes all possible events for this court. The final court assignments and order of play are subject to change up until the day of the session.,
Tokyo 2020,Tennis,Ariake Tennis Park - Court 1,2021-07-25,11:00:00,20:00:00,Men's Singles First Round / Women's Singles First Round / Men's Doubles First Round / Women's Doubles First Round *The above includes all possible events for this court. The final court assignments and order of play are subject to change up until the day of the session.,
Tokyo 2020,Tennis,Ariake Tennis Park - Court 2,2021-07-25,11:00:00,20:00:00,Men's Singles First Round / Women's Singles First Round / Men's Doubles First Round / Women's Doubles First Round *The above includes all possible events for this court. The final court assignments and order of play are subject to change up until the day of the session.,
Tokyo 2020,Tennis,Ariake Tennis Park - Court 3-11,2021-07-25,11:00:00,20:00:00,Men's Singles First Round / Women's Singles First Round / Men's Doubles First Round / Women's Doubles First Round *The above includes all possible events for this court. The final court assignments and order of play are subject to change up until the day of the session.,
Tokyo 2020,Tennis,Ariake Tennis Park - Center Court,2021-07-26,11:00:00,20:00:00,Men's Singles Second Round / Women's Singles Second Round / Men's Doubles Second Round / Women's Doubles Second Round *The above includes all possible events for this court. The final court assignments and order of play are subject to change up until the day of the session.,
Tokyo 2020,Tennis,Ariake Tennis Park - Court 1,2021-07-26,11:00:00,20:00:00,Men's Singles Second Round / Women's Singles Second Round / Men's Doubles Second Round / Women's Doubles Second Round *The above includes all possible events for this court. The final court assignments and order of play are subject to change up until the day of the session.,
Tokyo 2020,Tennis,Ariake Tennis Park - Court 2,2021-07-26,11:00:00,20:00:00,Men's Singles Second Round / Women's Singles Second Round / Men's Doubles Second Round / Women's Doubles Second Round *The above includes all possible events for this court. The final court assignments and order of play are subject to change up until the day of the session.,
Tokyo 2020,Tennis,Ariake Tennis Park - Court 3-11,2021-07-26,11:00:00,20:00:00,Men's Singles Second Round / Women's Singles Second Round / Men's Doubles Second Round / Women's Doubles Second Round *The above includes all possible events for this court. The final court assignments and order of play are subject to change up until the day of the session.,
Tokyo 2020,Tennis,Ariake Tennis Park - Center Court,2021-07-27,11:00:00,20:00:00,Men's Singles Second Round / Women's Singles Third Round / Men's Doubles Quarterfinals / Women's Doubles Second Round/Quarterfinals *The above includes all possible events for this court. The final court assignments and order of play are subject to change up until the day of the session.,
Tokyo 2020,Tennis,Ariake Tennis Park - Court 1,2021-07-27,11:00:00,20:00:00,Men's Singles Second Round / Women's Singles Third Round / Men's Doubles Quarterfinals / Women's Doubles Second Round/Quarterfinals *The above includes all possible events for this court. The final court assignments and order of play are subject to change up until the day of the session.,
Tokyo 2020,Tennis,Ariake Tennis Park - Court 2,2021-07-27,11:00:00,20:00:00,EVENT Men's Singles Second Round / Women's Singles Third Round / Men's Doubles Quarterfinals / Women's Doubles Second Round/Quarterfinals *The above includes all possible events for this court. The final court assignments and order of play are subject to change up until the day of the session.,
Tokyo 2020,Tennis,Ariake Tennis Park - Court 3-11,2021-07-27,11:00:00,20:00:00,Men's Singles Second Round / Women's Singles Third Round / Men's Doubles Quarterfinals / Women's Doubles Second Round/Quarterfinals *The above includes all possible events for this court. The final court assignments and order of play are subject to change up until the day of the session.,
Tokyo 2020,Tennis,Ariake Tennis Park - Center Court,2021-07-28,11:00:00,20:00:00,Men's Singles Third Round / Women's Singles Quarterfinals / Men's Doubles Semifinals / Women's Doubles Quarterfinals / Mixed Doubles First Round *The above includes all possible events for this court. The final court assignments and order of play are subject to change up until the day of the session.,
Tokyo 2020,Tennis,Ariake Tennis Park - Court 1,2021-07-28,11:00:00,20:00:00,Men's Singles Third Round / Women's Singles Quarterfinals / Men's Doubles Semifinals / Women's Doubles Quarterfinals Mixed Doubles First Round *The above includes all possible events for this court. The final court assignments and order of play are subject to change up until the day of the session.,
Tokyo 2020,Tennis,Ariake Tennis Park - Court 2,2021-07-28,11:00:00,20:00:00,Men's Singles Third Round / Women's Singles Quarterfinals / Women's Doubles Quarterfinals / Mixed Doubles First Round *The above includes all possible events for this court. The final court assignments and order of play are subject to change up until the day of the session.,
Tokyo 2020,Tennis,Ariake Tennis Park - Court 3-11,2021-07-28,11:00:00,20:00:00,Men's Singles Third Round / Mixed Doubles First Round *The above includes all possible events for this court. The final court assignments and order of play are subject to change up until the day of the session.,
Tokyo 2020,Tennis,Ariake Tennis Park - Center Court,2021-07-29,11:00:00,20:00:00,Men's Singles Quarterfinals / Women's Singles Semifinals / Women's Doubles Semifinals / Mixed Doubles Quarterfinals *The above includes all possible events for this court. The final court assignments and order of play are subject to change up until the day of the session.,
Tokyo 2020,Tennis,Ariake Tennis Park - Court 1,2021-07-29,11:00:00,20:00:00,Men's Singles Quarterfinals / Women's Doubles Semifinals / Mixed Doubles Quarterfinals *The above includes all possible events for this court. The final court assignments and order of play are subject to change up until the day of the session.,
Tokyo 2020,Tennis,Ariake Tennis Park - Court 2,2021-07-29,11:00:00,20:00:00,Mixed Doubles Quarterfinals *The above includes all possible events for this court. The final court assignments and order of play are subject to change up until the day of the session.,
Tokyo 2020,Tennis,Ariake Tennis Park - Center Court,2021-07-30,12:00:00,20:00:00,Men's Singles Semifinals / Men's Doubles Gold Medal Match / Men's Doubles Victory Ceremony *The above includes all possible events for this court. The final court assignments and order of play are subject to change up until the day of the session.,
Tokyo 2020,Tennis,Ariake Tennis Park - Court 1,2021-07-30,12:00:00,20:00:00,Men's Doubles Bronze Medal Match / Mixed Doubles Semifinals *The above includes all possible events for this court. The final court assignments and order of play are subject to change up until the day of the session.,
Tokyo 2020,Tennis,Ariake Tennis Park - Center Court,2021-07-31,12:00:00,20:00:00,Men's Singles Bronze Medal Match / Women's Singles Bronze Medal Match / Women's Singles Gold Medal Match / Women's Singles Victory Ceremony *The above includes all possible events for this court. The final court assignments and order of play are subject to change up until the day of the session.,
Tokyo 2020,Tennis,Ariake Tennis Park - Court 1,2021-07-31,12:00:00,20:00:00,Women's Doubles Bronze Medal Match / Mixed Doubles Bronze Medal Match *The above includes all possible events for this court. The final court assignments and order of play are subject to change up until the day of the session. Men's Singles Gold Medal Match /,
Tokyo 2020,Tennis,Ariake Tennis Park - Center Court,2021-08-01,12:00:00,20:00:00,Men's Singles Victory Ceremony / Women's Doubles Gold Medal Match / Women's Doubles Victory Ceremony / Mixed Doubles Gold Medal Match / Mixed Doubles Victory Ceremony *The above includes all possible events for this court. The final court assignments and order of play are subject to change up until the day of the session.,
Tokyo 2020,Trampoline Gymnastics,Ariake Gymnastics Centre,2021-07-30,13:00:00,15:25:00,EVENT Women's Qualification / Women's Final / Women's Victory Ceremony,
Tokyo 2020,Trampoline Gymnastics,Ariake Gymnastics Centre,2021-07-31,13:00:00,15:25:00,Men's Qualification / Men's Final / Men's Victory Ceremony,
Tokyo 2020,Triathlon,Odaiba Marine Park,2021-07-26,06:30:00,09:00:00,Men / Men's Victory Ceremony,
Tokyo 2020,Triathlon,Odaiba Marine Park,2021-07-27,06:30:00,09:05:00,Women / Women's Victory Ceremony,
Tokyo 2020,Triathlon,Odaiba Marine Park,2021-07-31,07:30:00,09:25:00,Mixed Relay / Mixed Relay Victory Ceremony,
Tokyo 2020,Volleyball,Ariake Arena,2021-07-24,09:00:00,12:50:00,"Men's Preliminary Round - Pool A, Italy vs Canada / Men's Preliminary Round - Pool B, Brazil vs Tunisia",
Tokyo 2020,Volleyball,Ariake Arena,2021-07-24,14:20:00,18:10:00,"Men's Preliminary Round - Pool B, Russian Federation vs Argentina / Men's Preliminary Round - Pool A, Japan vs Venezuela",
Tokyo 2020,Volleyball,Ariake Arena,2021-07-24,19:40:00,23:30:00,"Men's Preliminary Round - Pool A, Poland vs Islamic Rep. of Iran / Men's Preliminary Round - Pool B, United States vs France",
Tokyo 2020,Volleyball,Ariake Arena,2021-07-25,09:00:00,12:50:00,"Women's Preliminary Round - Pool B, Russian Federation vs Italy / Women's Preliminary Round - Pool B, United States vs Argentina",
Tokyo 2020,Volleyball,Ariake Arena,2021-07-25,14:20:00,18:10:00,"Women's Preliminary Round - Pool A, Serbia vs Dominican Rep. / Women's Preliminary Round - Pool B, China vs Turkey",
Tokyo 2020,Volleyball,Ariake Arena,2021-07-25,19:40:00,23:30:00,"Women's Preliminary Round - Pool A, Japan vs Kenya / Women's Preliminary Round - Pool A, Brazil vs Republic of Korea",
Tokyo 2020,Volleyball,Ariake Arena,2021-07-26,09:00:00,12:50:00,"Men's Preliminary Round - Pool A, Islamic Rep. of Iran vs Venezuela / Men's Preliminary Round - Pool B, United States vs Russian Federation",
Tokyo 2020,Volleyball,Ariake Arena,2021-07-26,14:20:00,18:10:00,"Men's Preliminary Round - Pool A, Poland vs Italy / Men's Preliminary Round - Pool B, France vs Tunisia",
Tokyo 2020,Volleyball,Ariake Arena,2021-07-26,19:40:00,23:30:00,"Men's Preliminary Round - Pool A, Japan vs Canada / Men's Preliminary Round - Pool B, Brazil vs Argentina",
Tokyo 2020,Volleyball,Ariake Arena,2021-07-27,09:00:00,12:50:00,"Women's Preliminary Round - Pool B, Russian Federation vs Argentina / Women's Preliminary Round - Pool B, China vs United States",
Tokyo 2020,Volleyball,Ariake Arena,2021-07-27,14:20:00,18:10:00,"Women's Preliminary Round - Pool A, Japan vs Serbia / Women's Preliminary Round - Pool B, Italy vs Turkey",
Tokyo 2020,Volleyball,Ariake Arena,2021-07-27,19:40:00,23:30:00,"Women's Preliminary Round - Pool A, Brazil vs Dominican Rep. / Women's Preliminary Round - Pool A, Republic of Korea vs Kenya",
Tokyo 2020,Volleyball,Ariake Arena,2021-07-28,09:00:00,12:50:00,"Men's Preliminary Round - Pool A, Canada vs Islamic Rep. of Iran / Men's Preliminary Round - Pool B, United States vs Tunisia",
Tokyo 2020,Volleyball,Ariake Arena,2021-07-28,14:20:00,18:10:00,"Men's Preliminary Round - Pool B, Argentina vs France / Men's Preliminary Round - Pool A, Poland vs Venezuela",
Tokyo 2020,Volleyball,Ariake Arena,2021-07-28,19:40:00,23:30:00,"Men's Preliminary Round - Pool A, Japan vs Italy / Men's Preliminary Round - Pool B, Brazil vs Russian Federation",
Tokyo 2020,Volleyball,Ariake Arena,2021-07-29,09:00:00,12:50:00,"Women's Preliminary Round - Pool B, Italy vs Argentina / Women's Preliminary Round - Pool A, Republic of Korea vs Dominican Rep.",
Tokyo 2020,Volleyball,Ariake Arena,2021-07-29,14:20:00,18:10:00,"Women's Preliminary Round - Pool A, Serbia vs Kenya / Women's Preliminary Round - Pool B, China vs Russian Federation",
Tokyo 2020,Volleyball,Ariake Arena,2021-07-29,19:40:00,23:30:00,"Women's Preliminary Round - Pool A, Japan vs Brazil / Women's Preliminary Round - Pool B, United States vs Turkey",
Tokyo 2020,Volleyball,Ariake Arena,2021-07-30,09:00:00,12:50:00,"Men's Preliminary Round - Pool A, Canada vs Venezuela / Men's Preliminary Round - Pool B, Brazil vs United States",
Tokyo 2020,Volleyball,Ariake Arena,2021-07-30,14:20:00,18:10:00,"Men's Preliminary Round - Pool A, Japan vs Poland / Men's Preliminary Round - Pool B, Argentina vs Tunisia",
Tokyo 2020,Volleyball,Ariake Arena,2021-07-30,19:40:00,23:30:00,"Men's Preliminary Round - Pool A, Italy vs Islamic Rep. of Iran / Men's Preliminary Round - Pool B, Russian Federation vs France",
Tokyo 2020,Volleyball,Ariake Arena,2021-07-31,09:00:00,12:50:00,"Women's Preliminary Round - Pool A, Dominican Rep. vs Kenya / Women's Preliminary Round - Pool B, United States vs Russian Federation",
Tokyo 2020,Volleyball,Ariake Arena,2021-07-31,14:20:00,18:10:00,"Women's Preliminary Round - Pool B, Argentina vs Turkey / Women's Preliminary Round - Pool A, Serbia vs Brazil",
Tokyo 2020,Volleyball,Ariake Arena,2021-07-31,19:40:00,23:30:00,"Women's Preliminary Round - Pool A, Japan vs Republic of Korea / Women's Preliminary Round - Pool B, China vs Italy",
Tokyo 2020,Volleyball,Ariake Arena,2021-08-01,09:00:00,12:50:00,"Men's Preliminary Round - Pool A, Poland vs Canada / Men's Preliminary Round - Pool B, Brazil vs France",
Tokyo 2020,Volleyball,Ariake Arena,2021-08-01,14:20:00,18:10:00,"Men's Preliminary Round - Pool B, Russian Federation vs Tunisia / Men's Preliminary Round - Pool A, Italy vs Venezuela",
Tokyo 2020,Volleyball,Ariake Arena,2021-08-01,19:40:00,23:30:00,"Men's Preliminary Round - Pool A, Japan vs Islamic Rep. of Iran / Men's Preliminary Round - Pool B, United States vs Argentina",
Tokyo 2020,Volleyball,Ariake Arena,2021-08-02,09:00:00,12:50:00,"Women's Preliminary Round - Pool A, Serbia vs Republic of Korea / Women's Preliminary Round - Pool B, United States vs Italy",
Tokyo 2020,Volleyball,Ariake Arena,2021-08-02,14:20:00,18:10:00,"Women's Preliminary Round - Pool B, Russian Federation vs Turkey / Women's Preliminary Round - Pool B, China vs Argentina",
Tokyo 2020,Volleyball,Ariake Arena,2021-08-02,19:40:00,23:30:00,"Women's Preliminary Round - Pool A, Japan vs Dominican Rep. / Women's Preliminary Round - Pool A, Brazil vs Kenya",
Tokyo 2020,Volleyball,Ariake Arena,2021-08-03,09:00:00,11:00:00,Men's Quarterfinal,
Tokyo 2020,Volleyball,Ariake Arena,2021-08-03,13:00:00,15:00:00,Men's Quarterfinal,
Tokyo 2020,Volleyball,Ariake Arena,2021-08-03,17:00:00,19:00:00,Men's Quarterfinal,
Tokyo 2020,Volleyball,Ariake Arena,2021-08-03,21:30:00,23:30:00,Men's Quarterfinal,
Tokyo 2020,Volleyball,Ariake Arena,2021-08-04,09:00:00,11:00:00,Women's Quarterfinal,
Tokyo 2020,Volleyball,Ariake Arena,2021-08-04,13:00:00,15:00:00,Women's Quarterfinal,
Tokyo 2020,Volleyball,Ariake Arena,2021-08-04,17:00:00,19:00:00,Women's Quarterfinal,
Tokyo 2020,Volleyball,Ariake Arena,2021-08-04,21:30:00,23:30:00,Women's Quarterfinal,
Tokyo 2020,Volleyball,Ariake Arena,2021-08-05,13:00:00,15:00:00,Men's Semifinal,
Tokyo 2020,Volleyball,Ariake Arena,2021-08-05,21:00:00,23:00:00,Men's Semifinal,
Tokyo 2020,Volleyball,Ariake Arena,2021-08-06,13:00:00,15:00:00,Women's Semifinal,
Tokyo 2020,Volleyball,Ariake Arena,2021-08-06,21:00:00,23:00:00,Women's Semifinal,
Tokyo 2020,Volleyball,Ariake Arena,2021-08-07,13:30:00,15:30:00,Men's Bronze Medal Match,
Tokyo 2020,Volleyball,Ariake Arena,2021-08-07,21:15:00,23:45:00,Men's Gold Medal Match / Men's Victory Ceremony,
Tokyo 2020,Volleyball,Ariake Arena,2021-08-08,09:00:00,11:00:00,Women's Bronze Medal Match,
Tokyo 2020,Volleyball,Ariake Arena,2021-08-08,13:30:00,16:00:00,EVENT Women's Gold Medal Match / Women's Victory Ceremony,
Tokyo 2020,Water Polo,Tatsumi Water Polo Centre,2021-07-24,14:00:00,16:50:00,Women's Preliminary Round (2 matches),
Tokyo 2020,Water Polo,Tatsumi Water Polo Centre,2021-07-24,18:20:00,21:10:00,Women's Preliminary Round (2 matches),
Tokyo 2020,Water Polo,Tatsumi Water Polo Centre,2021-07-25,10:00:00,12:50:00,Men's Preliminary Round (2 matches),
Tokyo 2020,Water Polo,Tatsumi Water Polo Centre,2021-07-25,14:00:00,16:50:00,Men's Preliminary Round (2 matches),
Tokyo 2020,Water Polo,Tatsumi Water Polo Centre,2021-07-25,18:20:00,21:10:00,Men's Preliminary Round (2 matches),
Tokyo 2020,Water Polo,Tatsumi Water Polo Centre,2021-07-26,14:00:00,16:50:00,Women's Preliminary Round (2 matches),
Tokyo 2020,Water Polo,Tatsumi Water Polo Centre,2021-07-26,18:20:00,21:10:00,Women's Preliminary Round (2 matches),
Tokyo 2020,Water Polo,Tatsumi Water Polo Centre,2021-07-27,10:00:00,12:50:00,Men's Preliminary Round (2 matches),
Tokyo 2020,Water Polo,Tatsumi Water Polo Centre,2021-07-27,14:00:00,16:50:00,Men's Preliminary Round (2 matches),
Tokyo 2020,Water Polo,Tatsumi Water Polo Centre,2021-07-27,18:20:00,21:10:00,Men's Preliminary Round (2 matches),
Tokyo 2020,Water Polo,Tatsumi Water Polo Centre,2021-07-28,14:00:00,16:50:00,Women's Preliminary Round (2 matches),
Tokyo 2020,Water Polo,Tatsumi Water Polo Centre,2021-07-28,18:20:00,21:10:00,Women's Preliminary Round (2 matches),
Tokyo 2020,Water Polo,Tatsumi Water Polo Centre,2021-07-29,10:00:00,12:50:00,Men's Preliminary Round (2 matches),
Tokyo 2020,Water Polo,Tatsumi Water Polo Centre,2021-07-29,14:00:00,16:50:00,Men's Preliminary Round (2 matches),
Tokyo 2020,Water Polo,Tatsumi Water Polo Centre,2021-07-29,18:20:00,21:10:00,Men's Preliminary Round (2 matches),
Tokyo 2020,Water Polo,Tatsumi Water Polo Centre,2021-07-30,14:00:00,16:50:00,Women's Preliminary Round (2 matches),
Tokyo 2020,Water Polo,Tatsumi Water Polo Centre,2021-07-30,18:20:00,21:10:00,Women's Preliminary Round (2 matches),
Tokyo 2020,Water Polo,Tatsumi Water Polo Centre,2021-07-31,10:00:00,12:50:00,Men's Preliminary Round (2 matches),
Tokyo 2020,Water Polo,Tatsumi Water Polo Centre,2021-07-31,14:00:00,16:50:00,Men's Preliminary Round (2 matches),
Tokyo 2020,Water Polo,Tatsumi Water Polo Centre,2021-07-31,18:20:00,21:10:00,Men's Preliminary Round (2 matches),
Tokyo 2020,Water Polo,Tatsumi Water Polo Centre,2021-08-01,14:00:00,16:50:00,Women's Preliminary Round (2 matches),
Tokyo 2020,Water Polo,Tatsumi Water Polo Centre,2021-08-01,18:20:00,21:10:00,Women's Preliminary Round (2 matches),
Tokyo 2020,Water Polo,Tatsumi Water Polo Centre,2021-08-02,10:00:00,12:50:00,Men's Preliminary Round (2 matches),
Tokyo 2020,Water Polo,Tatsumi Water Polo Centre,2021-08-02,14:00:00,16:50:00,Men's Preliminary Round (2 matches),
Tokyo 2020,Water Polo,Tatsumi Water Polo Centre,2021-08-02,18:20:00,21:10:00,Men's Preliminary Round (2 matches),
Tokyo 2020,Water Polo,Tatsumi Water Polo Centre,2021-08-03,14:00:00,16:50:00,Women's Quarterfinals (2 matches),
Tokyo 2020,Water Polo,Tatsumi Water Polo Centre,2021-08-03,18:20:00,21:10:00,Women's Quarterfinals (2 matches),
Tokyo 2020,Water Polo,Tatsumi Water Polo Centre,2021-08-04,14:00:00,16:50:00,Men's Quarterfinals (2 matches),
Tokyo 2020,Water Polo,Tatsumi Water Polo Centre,2021-08-04,18:20:00,21:10:00,Men's Quarterfinals (2 matches),
Tokyo 2020,Water Polo,Tatsumi Water Polo Centre,2021-08-05,14:00:00,16:50:00,Women's Classification match (5th-8th places) / Women's Semifinal,
Tokyo 2020,Water Polo,Tatsumi Water Polo Centre,2021-08-05,18:20:00,21:10:00,Women's Classification match (5th-8th places) / Women's Semifinal,
Tokyo 2020,Water Polo,Tatsumi Water Polo Centre,2021-08-06,14:00:00,16:50:00,Men's Classification match (5th-8th places) / Men's Semifinal,
Tokyo 2020,Water Polo,Tatsumi Water Polo Centre,2021-08-06,18:20:00,21:10:00,Men's Classification match (5th-8th places) / Men's Semifinal,
Tokyo 2020,Water Polo,Tatsumi Water Polo Centre,2021-08-07,09:30:00,12:20:00,Women's classification match (7th-8th places) / Women's classification match (5th-6th places),
Tokyo 2020,Water Polo,Tatsumi Water Polo Centre,2021-08-07,13:40:00,15:00:00,Women's Bronze Medal Match,
Tokyo 2020,Water Polo,Tatsumi Water Polo Centre,2021-08-07,16:30:00,18:20:00,Women's Gold Medal Match / Women's Victory Ceremony,
Tokyo 2020,Water Polo,Tatsumi Water Polo Centre,2021-08-08,09:30:00,12:20:00,Men's classification match (7th-8th places) / Men's classification match (5th-6th places),
Tokyo 2020,Water Polo,Tatsumi Water Polo Centre,2021-08-08,13:40:00,15:00:00,Men's Bronze Medal Match,
Tokyo 2020,Water Polo,Tatsumi Water Polo Centre,2021-08-08,16:30:00,18:20:00,Men's Gold Medal Match / Men's Victory Ceremony,
Tokyo 2020,Weightlifting,Tokyo International Forum,2021-07-24,09:50:00,12:00:00,Women's 49 kg Group B,
Tokyo 2020,Weightlifting,Tokyo International Forum,2021-07-24,13:50:00,16:00:00,Women's 49 kg Group A / Women's 49 kg Victory Ceremony,
Tokyo 2020,Weightlifting,Tokyo International Forum,2021-07-25,11:50:00,14:00:00,Men's 61 kg Group B and Men's 67 kg Group B,
Tokyo 2020,Weightlifting,Tokyo International Forum,2021-07-25,15:50:00,18:00:00,Men's 61 kg Group A / Men's 61 kg Victory Ceremony,
Tokyo 2020,Weightlifting,Tokyo International Forum,2021-07-25,19:50:00,22:00:00,Men's 67 kg Group A / Men's 67 kg Victory Ceremony,
Tokyo 2020,Weightlifting,Tokyo International Forum,2021-07-26,13:50:00,16:00:00,Women's 55 kg Group B,
Tokyo 2020,Weightlifting,Tokyo International Forum,2021-07-26,19:50:00,22:00:00,Women's 55 kg Group A / Women's 55 kg Victory Ceremony,
Tokyo 2020,Weightlifting,Tokyo International Forum,2021-07-27,11:50:00,14:00:00,Women's 59 kg Group B and Women's 64 kg Group B,
Tokyo 2020,Weightlifting,Tokyo International Forum,2021-07-27,15:50:00,18:00:00,Women's 59 kg Group A / Women's 59 kg Victory Ceremony,
Tokyo 2020,Weightlifting,Tokyo International Forum,2021-07-27,19:50:00,22:00:00,Women's 64 kg Group A / Women's 64 kg Victory Ceremony,
Tokyo 2020,Weightlifting,Tokyo International Forum,2021-07-28,13:50:00,16:00:00,Men's 73 kg Group B,
Tokyo 2020,Weightlifting,Tokyo International Forum,2021-07-28,19:50:00,22:00:00,Men's 73 kg Group A / Men's 73 kg Victory Ceremony,
Tokyo 2020,Weightlifting,Tokyo International Forum,2021-07-31,11:50:00,14:00:00,Men's 81 kg Group B and Men's 96 kg Group B,
Tokyo 2020,Weightlifting,Tokyo International Forum,2021-07-31,15:50:00,18:00:00,Men's 81 kg Group A / Men's 81 kg Victory Ceremony,
Tokyo 2020,Weightlifting,Tokyo International Forum,2021-07-31,19:50:00,22:00:00,Men's 96 kg Group A / Men's 96 kg Victory Ceremony,
Tokyo 2020,Weightlifting,Tokyo International Forum,2021-08-01,13:50:00,16:00:00,Women's 76 kg Group B,
Tokyo 2020,Weightlifting,Tokyo International Forum,2021-08-01,19:50:00,22:00:00,Women's 76 kg Group A / Women's 76 kg Victory Ceremony,
Tokyo 2020,Weightlifting,Tokyo International Forum,2021-08-02,11:50:00,14:00:00,Women's 87 kg Group B and Women's +87 kg Group B,
Tokyo 2020,Weightlifting,Tokyo International Forum,2021-08-02,15:50:00,18:00:00,Women's 87 kg Group A / Women's 87 kg Victory Ceremony,
Tokyo 2020,Weightlifting,Tokyo International Forum,2021-08-02,19:50:00,22:00:00,Women's +87 kg Group A / Women's +87 kg Victory Ceremony,
Tokyo 2020,Weightlifting,Tokyo International Forum,2021-08-03,13:50:00,16:00:00,Men's 109 kg Group B,
Tokyo 2020,Weightlifting,Tokyo International Forum,2021-08-03,19:50:00,22:00:00,Men's 109 kg Group A / Men's 109 kg Victory Ceremony,
Tokyo 2020,Weightlifting,Tokyo International Forum,2021-08-04,13:50:00,16:00:00,Men's +109 kg Group B,
Tokyo 2020,Weightlifting,Tokyo International Forum,2021-08-04,19:50:00,22:00:00,Men's +109 kg Group A / Men's +109 kg Victory Ceremony,
Tokyo 2020,Wrestling,Makuhari Messe Hall A,2021-08-01,11:00:00,13:00:00,EVENT Men's Greco-Roman 60 kg 1/8 Finals / Women's Freestyle 76 kg 1/8 Finals / Men's Greco-Roman 130 kg 1/8 Finals / Men's Greco-Roman 60 kg 1/4 Finals / Women's Freestyle 76 kg 1/4 Finals /,
Tokyo 2020,Wrestling,Makuhari Messe Hall A,2021-08-01,18:15:00,19:15:00,Men's Greco-Roman 130 kg 1/4 Finals Men's Greco-Roman 60 kg Semifinals / Men's Greco-Roman 130 kg Semifinals / Women's Freestyle 76 kg Semifinals Men's Greco-Roman 60 kg Repechage /,
Tokyo 2020,Wrestling,Makuhari Messe Hall A,2021-08-02,11:00:00,13:30:00,Women's Freestyle 76 kg Repechage / Men's Greco-Roman 130 kg Repechage / Men's Greco-Roman 77 kg 1/8 Finals / Women's Freestyle 68 kg 1/8 Finals / Men's Greco-Roman 97 kg 1/8 Finals / Men's Greco-Roman 77 kg 1/4 Finals / Women's Freestyle 68 kg 1/4 Finals / Men's Greco-Roman 97 kg 1/4 Finals Men's Greco-Roman 77 kg Semifinals /,
Tokyo 2020,Wrestling,Makuhari Messe Hall A,2021-08-02,18:15:00,22:00:00,Men's Greco-Roman 97 kg Semifinals / Women's Freestyle 68 kg Semifinals / Men's Greco-Roman 60 kg Bronze Medal Matches / Men's Greco-Roman 60 kg Final / Men's Greco-Roman 130 kg Bronze Medal Matches / Men's Greco-Roman 130 kg Final / Men's Greco-Roman 60 kg Victory Ceremony / Women's Freestyle 76 kg Bronze Medal Matches / Women's Freestyle 76 kg Final / Men's Greco-Roman 130 kg Victory Ceremony /,
Tokyo 2020,Wrestling,Makuhari Messe Hall A,2021-08-03,11:00:00,13:30:00,Women's Freestyle 76 kg Victory Ceremony Men's Greco-Roman 77 kg Repechage / Women's Freestyle 68 kg Repechage / Men's Greco-Roman 97 kg Repechage / Men's Greco-Roman 67 kg 1/8 Finals / Women's Freestyle 62 kg 1/8 Finals / Men's Greco-Roman 87 kg 1/8 Finals / Men's Greco-Roman 67 kg 1/4 Finals / Women's Freestyle 62 kg 1/4 Finals / Men's Greco-Roman 87 kg 1/4 Finals Men's Greco-Roman 67 kg Semifinals /,
Tokyo 2020,Wrestling,Makuhari Messe Hall A,2021-08-03,18:15:00,22:00:00,Men's Greco-Roman 87 kg Semifinals / Women's Freestyle 62 kg Semifinals / Men's Greco-Roman 77 kg Bronze Medal Matches / Men's Greco-Roman 77 kg Final / Men's Greco-Roman 97 kg Bronze Medal Matches / Men's Greco-Roman 97 kg Final / Men's Greco-Roman 77 kg Victory Ceremony / Women's Freestyle 68 kg Bronze Medal Matches / Women's Freestyle 68 kg Final / Men's Greco-Roman 97 kg Victory Ceremony /,
Tokyo 2020,Wrestling,Makuhari Messe Hall A,2021-08-04,11:00:00,13:30:00,Women's Freestyle 68 kg Victory Ceremony Men's Greco-Roman 67 kg Repechage / Women's Freestyle 62 kg Repechage / Men's Greco-Roman 87 kg Repechage / Men's Freestyle 57 kg 1/8 Finals / Women's Freestyle 57 kg 1/8 Finals / Men's Freestyle 86 kg 1/8 Finals / Men's Freestyle 57 kg 1/4 Finals / Women's Freestyle 57 kg 1/4 Finals / Men's Freestyle 86 kg 1/4 Finals Men's Freestyle 57 kg Semifinals /,
Tokyo 2020,Wrestling,Makuhari Messe Hall A,2021-08-04,18:15:00,22:00:00,Men's Freestyle 86 kg Semifinals / Women's Freestyle 57 kg Semifinals / Men's Greco-Roman 67 kg Bronze Medal Matches / Men's Greco-Roman 67 kg Final / Men's Greco-Roman 87 kg Bronze Medal Matches / Men's Greco-Roman 87 kg Final / Men's Greco-Roman 67 kg Victory Ceremony / Women's Freestyle 62 kg Bronze Medal Matches / Women's Freestyle 62 kg Final / Men's Greco-Roman 87 kg Victory Ceremony /,
Tokyo 2020,Wrestling,Makuhari Messe Hall A,2021-08-05,11:00:00,13:30:00,Women's Freestyle 62 kg Victory Ceremony Men's Freestyle 57 kg Repechage / Women's Freestyle 57 kg Repechage / Men's Freestyle 86 kg Repechage / Men's Freestyle 74 kg 1/8 Finals / Women's Freestyle 53 kg 1/8 Finals / Men's Freestyle 125 kg 1/8 Finals / Men's Freestyle 74 kg 1/4 Finals / Women's Freestyle 53 kg 1/4 Finals / Men's Freestyle 125 kg 1/4 Finals,
Tokyo 2020,Wrestling,Makuhari Messe Hall A,2021-08-05,18:15:00,22:00:00,EVENT Men's Freestyle 74 kg Semifinals / Men's Freestyle 125 kg Semifinals / Women's Freestyle 53 kg Semifinals / Men's Freestyle 57 kg Bronze Medal Matches / Men's Freestyle 57 kg Final / Men's Freestyle 86 kg Bronze Medal Matches / Men's Freestyle 86 kg Final / Men's Freestyle 57 kg Victory Ceremony / Women's Freestyle 57 kg Bronze Medal Matches / Women's Freestyle 57 kg Final / Men's Freestyle 86 kg Victory Ceremony /,
Tokyo 2020,Wrestling,Makuhari Messe Hall A,2021-08-06,11:00:00,13:30:00,Women's Freestyle 57 kg Victory Ceremony Men's Freestyle 74 kg Repechage / Women's Freestyle 53 kg Repechage / Men's Freestyle 125 kg Repechage / Men's Freestyle 65 kg 1/8 Finals / Women's Freestyle 50 kg 1/8 Finals / Men's Freestyle 97 kg 1/8 Finals / Men's Freestyle 65 kg 1/4 Finals / Women's Freestyle 50 kg 1/4 Finals / Men's Freestyle 97 kg 1/4 Finals Men's Freestyle 65 kg Semifinals /,
Tokyo 2020,Wrestling,Makuhari Messe Hall A,2021-08-06,18:15:00,22:00:00,Men's Freestyle 97 kg Semifinals / Women's Freestyle 50 kg Semifinals / Men's Freestyle 74 kg Bronze Medal Matches / Men's Freestyle 74 kg Final / Men's Freestyle 125 kg Bronze Medal Matches / Men's Freestyle 125 kg Final / Men's Freestyle 74 kg Victory Ceremony / Women's Freestyle 53 kg Bronze Medal Matches / Women's Freestyle 53 kg Final / Men's Freestyle 125 kg Victory Ceremony / Women's Freestyle 53 kg Victory Ceremony,
Tokyo 2020,Wrestling,Makuhari Messe Hall A,2021-08-07,18:45:00,22:00:00,Men's Freestyle 65 kg Repechage / Women's Freestyle 50 kg Repechage / Men's Freestyle 97 kg Repechage / Men's Freestyle 65 kg Bronze Medal Matches / Men's Freestyle 65 kg Final / Men's Freestyle 97 kg Bronze Medal Matches / Men's Freestyle 97 kg Final / Men's Freestyle 65 kg Victory Ceremony / Women's Freestyle 50 kg Bronze Medal Matches / Women's Freestyle 50 kg Final / Men's Freestyle 97 kg Victory Ceremony / Women's Freestyle 50 kg Victory Ceremony,
Rio 2016,Water polo,BARRA DA TIJUCA,2016-08-06,09:00:00,14:20:00,,
Rio 2016,Water polo,BARRA DA TIJUCA,2016-08-08,09:00:00,14:20:00,,
Rio 2016,Water polo,BARRA DA TIJUCA,2016-08-09,09:00:00,14:20:00,,
Rio 2016,Water polo,BARRA DA TIJUCA,2016-08-10,09:00:00,14:20:00,,
Rio 2016,Water polo,BARRA DA TIJUCA,2016-08-11,09:00:00,14:20:00,,
Rio 2016,Water polo,BARRA DA TIJUCA,2016-08-12,09:00:00,13:00:00,,
Rio 2016,Water polo,BARRA DA TIJUCA,2016-08-13,09:00:00,14:20:00,,
Rio 2016,Water polo,BARRA DA TIJUCA,2016-08-06,19:30:00,22:10:00,,
Rio 2016,Water polo,BARRA DA TIJUCA,2016-08-08,19:30:00,22:10:00,,
Rio 2016,Water polo,BARRA DA TIJUCA,2016-08-10,19:30:00,22:10:00,,
Rio 2016,Water polo,BARRA DA TIJUCA,2016-08-12,19:30:00,23:30:00,,
Rio 2016,Synchronised swimming,Maria Lenk Aquatics Centre,2016-08-14,11:00:00,13:15:00,,
Rio 2016,Synchronised swimming,Maria Lenk Aquatics Centre,2016-08-15,11:00:00,13:15:00,,
Rio 2016,Synchronised swimming,Maria Lenk Aquatics Centre,2016-08-16,14:00:00,15:30:00,,
Rio 2016,Synchronised swimming,Maria Lenk Aquatics Centre,2016-08-18,13:00:00,13:50:00,,
Rio 2016,Synchronised swimming,Maria Lenk Aquatics Centre,2016-08-19,12:00:00,13:30:00,,
Rio 2016,Diving,Maria Lenk Aquatics Centre,2016-08-16,10:00:00,11:50:00,,
Rio 2016,Diving,Maria Lenk Aquatics Centre,2016-08-18,10:00:00,11:30:00,,
Rio 2016,Diving,Maria Lenk Aquatics Centre,2016-08-20,11:00:00,12:50:00,,
Rio 2016,Diving,Maria Lenk Aquatics Centre,2016-08-07,16:00:00,17:15:00,,
Rio 2016,Diving,Maria Lenk Aquatics Centre,2016-08-08,16:00:00,17:15:00,,
Rio 2016,Diving,Maria Lenk Aquatics Centre,2016-08-09,16:00:00,17:15:00,,
Rio 2016,Diving,Maria Lenk Aquatics Centre,2016-08-10,16:00:00,17:15:00,,
Rio 2016,Diving,Maria Lenk Aquatics Centre,2016-08-12,15:30:00,18:30:00,,
Rio 2016,Diving,Maria Lenk Aquatics Centre,2016-08-13,16:00:00,17:40:00,,
Rio 2016,Diving,Maria Lenk Aquatics Centre,2016-08-14,16:00:00,17:30:00,,
Rio 2016,Diving,Maria Lenk Aquatics Centre,2016-08-15,15:15:00,18:45:00,,
Rio 2016,Diving,Maria Lenk Aquatics Centre,2016-08-16,18:00:00,20:00:00,,
Rio 2016,Diving,Maria Lenk Aquatics Centre,2016-08-17,15:00:00,18:10:00,,
Rio 2016,Diving,Maria Lenk Aquatics Centre,2016-08-18,16:00:00,17:30:00,,
Rio 2016,Diving,Maria Lenk Aquatics Centre,2016-08-19,16:00:00,19:10:00,,
Rio 2016,Diving,Maria Lenk Aquatics Centre,2016-08-20,16:30:00,18:10:00,,
Rio 2016,Swimming,Maria Lenk Aquatics Centre,2016-08-06,13:00:00,15:25:00,,
Rio 2016,Swimming,Maria Lenk Aquatics Centre,2016-08-07,13:00:00,15:35:00,,
Rio 2016,Swimming,Maria Lenk Aquatics Centre,2016-08-08,13:00:00,14:25:00,,
Rio 2016,Swimming,Maria Lenk Aquatics Centre,2016-08-09,13:00:00,14:45:00,,
Rio 2016,Swimming,Maria Lenk Aquatics Centre,2016-08-10,13:00:00,15:15:00,,
Rio 2016,Swimming,Maria Lenk Aquatics Centre,2016-08-11,13:00:00,16:00:00,,
Rio 2016,Swimming,Maria Lenk Aquatics Centre,2016-08-12,13:00:00,15:40:00,,
Rio 2016,Swimming,Maria Lenk Aquatics Centre,2016-08-06,22:00:00,23:55:00,,
Rio 2016,Swimming,Maria Lenk Aquatics Centre,2016-08-07,22:00:00,00:25:00,,
Rio 2016,Swimming,Maria Lenk Aquatics Centre,2016-08-08,22:00:00,00:00:00,,
Rio 2016,Swimming,Maria Lenk Aquatics Centre,2016-08-09,22:00:00,00:10:00,,
Rio 2016,Swimming,Maria Lenk Aquatics Centre,2016-08-10,22:00:00,00:30:00,,
Rio 2016,Swimming,Maria Lenk Aquatics Centre,2016-08-11,22:00:00,23:55:00,,
Rio 2016,Swimming,Maria Lenk Aquatics Centre,2016-08-12,22:00:00,23:30:00,,
Rio 2016,Swimming,Maria Lenk Aquatics Centre,2016-08-13,22:00:00,23:40:00,,
Rio 2016,Water polo,Olympic Aquatics Stadium,2016-08-14,12:50:00,18:10:00,,
Rio 2016,Water polo,Olympic Aquatics Stadium,2016-08-15,14:10:00,16:50:00,,
Rio 2016,Water polo,Olympic Aquatics Stadium,2016-08-16,11:00:00,13:40:00,,
Rio 2016,Water polo,Olympic Aquatics Stadium,2016-08-17,11:00:00,13:40:00,,
Rio 2016,Water polo,Olympic Aquatics Stadium,2016-08-18,11:00:00,13:40:00,,
Rio 2016,Water polo,Olympic Aquatics Stadium,2016-08-19,10:00:00,12:40:00,,
Rio 2016,Water polo,Olympic Aquatics Stadium,2016-08-20,11:40:00,14:20:00,,
Rio 2016,Water polo,Olympic Aquatics Stadium,2016-08-14,19:30:00,22:10:00,,
Rio 2016,Water polo,Olympic Aquatics Stadium,2016-08-15,18:20:00,21:00:00,,
Rio 2016,Water polo,Olympic Aquatics Stadium,2016-08-16,15:10:00,17:50:00,,
Rio 2016,Water polo,Olympic Aquatics Stadium,2016-08-17,15:10:00,17:50:00,,
Rio 2016,Water polo,Olympic Aquatics Stadium,2016-08-18,15:10:00,17:50:00,,
Rio 2016,Water polo,Olympic Aquatics Stadium,2016-08-19,14:10:00,17:20:00,,
Rio 2016,Water polo,Olympic Aquatics Stadium,2016-08-20,16:30:00,19:40:00,,
Rio 2016,Basketball,Olympic Aquatics Stadium,2016-08-16,11:00:00,12:45:00,,
Rio 2016,Basketball,Olympic Aquatics Stadium,2016-08-17,11:00:00,12:45:00,,
Rio 2016,Basketball,Olympic Aquatics Stadium,2016-08-21,11:30:00,13:30:00,,
Rio 2016,Basketball,Olympic Aquatics Stadium,2016-08-06,14:15:00,16:00:00,,
Rio 2016,Basketball,Olympic Aquatics Stadium,2016-08-07,14:15:00,16:00:00,,
Rio 2016,Basketball,Olympic Aquatics Stadium,2016-08-08,14:15:00,16:00:00,,
Rio 2016,Basketball,Olympic Aquatics Stadium,2016-08-09,14:15:00,16:00:00,,
Rio 2016,Basketball,Olympic Aquatics Stadium,2016-08-10,14:15:00,16:00:00,,
Rio 2016,Basketball,Olympic Aquatics Stadium,2016-08-11,14:15:00,16:00:00,,
Rio 2016,Basketball,Olympic Aquatics Stadium,2016-08-12,14:15:00,16:00:00,,
Rio 2016,Basketball,Olympic Aquatics Stadium,2016-08-13,14:15:00,16:00:00,,
Rio 2016,Basketball,Olympic Aquatics Stadium,2016-08-14,14:15:00,16:00:00,,
Rio 2016,Basketball,Olympic Aquatics Stadium,2016-08-15,14:15:00,16:00:00,,
Rio 2016,Basketball,Olympic Aquatics Stadium,2016-08-16,14:30:00,16:15:00,,
Rio 2016,Basketball,Olympic Aquatics Stadium,2016-08-17,14:30:00,16:15:00,,
Rio 2016,Basketball,Olympic Aquatics Stadium,2016-08-20,11:30:00,13:30:00,,
Rio 2016,Basketball,Olympic Aquatics Stadium,2016-08-21,15:45:00,18:05:00,,
Rio 2016,Basketball,Carioca Arena 1,2016-08-06,19:00:00,20:45:00,,
Rio 2016,Basketball,Carioca Arena 1,2016-08-07,19:00:00,20:45:00,,
Rio 2016,Basketball,Carioca Arena 1,2016-08-08,19:00:00,20:45:00,,
Rio 2016,Basketball,Carioca Arena 1,2016-08-09,19:00:00,20:45:00,,
Rio 2016,Basketball,Carioca Arena 1,2016-08-10,19:00:00,20:45:00,,
Rio 2016,Basketball,Carioca Arena 1,2016-08-11,19:00:00,20:45:00,,
Rio 2016,Basketball,Carioca Arena 1,2016-08-12,19:00:00,20:45:00,,
Rio 2016,Basketball,Carioca Arena 1,2016-08-13,19:00:00,20:45:00,,
Rio 2016,Basketball,Carioca Arena 1,2016-08-14,19:00:00,20:45:00,,
Rio 2016,Basketball,Carioca Arena 1,2016-08-15,19:00:00,20:45:00,,
Rio 2016,Basketball,Carioca Arena 1,2016-08-16,18:45:00,20:30:00,,
Rio 2016,Basketball,Carioca Arena 1,2016-08-17,18:45:00,20:30:00,,
Rio 2016,Basketball,Carioca Arena 1,2016-08-18,15:00:00,17:00:00,,
Rio 2016,Basketball,Carioca Arena 1,2016-08-19,15:30:00,17:30:00,,
Rio 2016,Basketball,Carioca Arena 1,2016-08-20,15:30:00,17:50:00,,
Rio 2016,Basketball,Carioca Arena 1,2016-08-06,22:30:00,00:15:00,,
Rio 2016,Basketball,Carioca Arena 1,2016-08-07,22:30:00,00:15:00,,
Rio 2016,Basketball,Carioca Arena 1,2016-08-08,22:30:00,00:15:00,,
Rio 2016,Basketball,Carioca Arena 1,2016-08-09,22:30:00,00:15:00,,
Rio 2016,Basketball,Carioca Arena 1,2016-08-10,22:30:00,00:15:00,,
Rio 2016,Basketball,Carioca Arena 1,2016-08-11,22:30:00,00:15:00,,
Rio 2016,Basketball,Carioca Arena 1,2016-08-12,22:30:00,00:15:00,,
Rio 2016,Basketball,Carioca Arena 1,2016-08-13,22:30:00,00:15:00,,
Rio 2016,Basketball,Carioca Arena 1,2016-08-14,22:30:00,00:15:00,,
Rio 2016,Basketball,Carioca Arena 1,2016-08-15,22:30:00,00:15:00,,
Rio 2016,Basketball,Carioca Arena 1,2016-08-16,22:15:00,00:00:00,,
Rio 2016,Basketball,Carioca Arena 1,2016-08-17,22:15:00,00:00:00,,
Rio 2016,Basketball,Carioca Arena 1,2016-08-18,19:00:00,21:00:00,,
Rio 2016,Basketball,Carioca Arena 1,2016-08-19,19:00:00,21:00:00,,
Rio 2016,Judo,Carioca Arena 1,2016-08-06,10:00:00,13:00:00,,
Rio 2016,Judo,Carioca Arena 1,2016-08-07,10:00:00,13:00:00,,
Rio 2016,Judo,Carioca Arena 1,2016-08-08,10:00:00,13:00:00,,
Rio 2016,Judo,Carioca Arena 1,2016-08-09,10:00:00,13:00:00,,
Rio 2016,Judo,Carioca Arena 1,2016-08-10,10:00:00,13:00:00,,
Rio 2016,Judo,Carioca Arena 1,2016-08-11,10:00:00,13:00:00,,
Rio 2016,Judo,Carioca Arena 1,2016-08-12,10:00:00,13:00:00,,
Rio 2016,Judo,Carioca Arena 1,2016-08-06,15:30:00,18:10:00,,
Rio 2016,Judo,Carioca Arena 1,2016-08-07,15:30:00,18:10:00,,
Rio 2016,Judo,Carioca Arena 1,2016-08-08,15:30:00,18:10:00,,
Rio 2016,Judo,Carioca Arena 1,2016-08-09,15:30:00,18:10:00,,
Rio 2016,Judo,Carioca Arena 1,2016-08-10,15:30:00,18:10:00,,
Rio 2016,Judo,Carioca Arena 1,2016-08-11,15:30:00,18:10:00,,
Rio 2016,Judo,Carioca Arena 1,2016-08-12,15:30:00,18:10:00,,
Rio 2016,Wrestling,Carioca Arena 2,2016-08-14,10:00:00,13:00:00,,
Rio 2016,Wrestling,Carioca Arena 2,2016-08-15,10:00:00,13:00:00,,
Rio 2016,Wrestling,Carioca Arena 2,2016-08-16,10:00:00,13:00:00,,
Rio 2016,Wrestling,Carioca Arena 2,2016-08-17,10:00:00,13:00:00,,
Rio 2016,Wrestling,Carioca Arena 2,2016-08-18,10:00:00,13:00:00,,
Rio 2016,Wrestling,Carioca Arena 2,2016-08-19,10:00:00,13:00:00,,
Rio 2016,Wrestling,Carioca Arena 2,2016-08-20,10:00:00,13:00:00,,
Rio 2016,Wrestling,Carioca Arena 2,2016-08-21,08:30:00,11:15:00,,
Rio 2016,Wrestling,Carioca Arena 2,2016-08-14,16:00:00,19:00:00,,
Rio 2016,Wrestling,Carioca Arena 2,2016-08-15,16:00:00,19:00:00,,
Rio 2016,Wrestling,Carioca Arena 2,2016-08-16,16:00:00,19:00:00,,
Rio 2016,Wrestling,Carioca Arena 2,2016-08-17,16:00:00,19:00:00,,
Rio 2016,Wrestling,Carioca Arena 2,2016-08-18,16:00:00,19:00:00,,
Rio 2016,Wrestling,Carioca Arena 2,2016-08-19,16:00:00,19:00:00,,
Rio 2016,Wrestling,Carioca Arena 2,2016-08-20,16:00:00,19:00:00,,
Rio 2016,Wrestling,Carioca Arena 2,2016-08-21,12:45:00,15:15:00,,
Rio 2016,Fencing,Carioca Arena 2,2016-08-06,09:00:00,14:15:00,,
Rio 2016,Fencing,Carioca Arena 2,2016-08-07,09:00:00,14:15:00,,
Rio 2016,Fencing,Carioca Arena 2,2016-08-08,09:00:00,13:05:00,,
Rio 2016,Fencing,Carioca Arena 2,2016-08-09,09:00:00,14:15:00,,
Rio 2016,Fencing,Carioca Arena 2,2016-08-10,08:30:00,16:00:00,,
Rio 2016,Fencing,Carioca Arena 2,2016-08-11,09:00:00,15:30:00,,
Rio 2016,Fencing,Carioca Arena 2,2016-08-12,09:00:00,15:30:00,,
Rio 2016,Fencing,Carioca Arena 2,2016-08-13,09:00:00,14:30:00,,
Rio 2016,Fencing,Carioca Arena 2,2016-08-14,09:00:00,15:30:00,,
Rio 2016,Fencing,Carioca Arena 2,2016-08-06,16:00:00,18:30:00,,
Rio 2016,Fencing,Carioca Arena 2,2016-08-07,16:00:00,18:30:00,,
Rio 2016,Fencing,Carioca Arena 2,2016-08-08,16:00:00,18:30:00,,
Rio 2016,Fencing,Carioca Arena 2,2016-08-09,16:00:00,18:30:00,,
Rio 2016,Fencing,Carioca Arena 2,2016-08-10,17:30:00,21:35:00,,
Rio 2016,Fencing,Carioca Arena 2,2016-08-11,17:00:00,19:50:00,,
Rio 2016,Fencing,Carioca Arena 2,2016-08-12,17:00:00,19:50:00,,
Rio 2016,Fencing,Carioca Arena 2,2016-08-13,17:00:00,19:35:00,,
Rio 2016,Fencing,Carioca Arena 2,2016-08-14,17:00:00,19:50:00,,
Rio 2016,Taekwondo,Carioca Arena 3,2016-08-17,09:00:00,13:00:00,,
Rio 2016,Taekwondo,Carioca Arena 3,2016-08-18,09:00:00,13:00:00,,
Rio 2016,Taekwondo,Carioca Arena 3,2016-08-19,09:00:00,13:00:00,,
Rio 2016,Taekwondo,Carioca Arena 3,2016-08-20,09:00:00,13:00:00,,
Rio 2016,Taekwondo,Carioca Arena 3,2016-08-17,15:00:00,18:00:00,,
Rio 2016,Taekwondo,Carioca Arena 3,2016-08-18,15:00:00,18:00:00,,
Rio 2016,Taekwondo,Carioca Arena 3,2016-08-19,15:00:00,18:00:00,,
Rio 2016,Taekwondo,Carioca Arena 3,2016-08-20,15:00:00,18:00:00,,
Rio 2016,Taekwondo,Carioca Arena 3,2016-08-17,20:00:00,23:05:00,,
Rio 2016,Taekwondo,Carioca Arena 3,2016-08-18,20:00:00,23:05:00,,
Rio 2016,Taekwondo,Carioca Arena 3,2016-08-19,20:00:00,23:05:00,,
Rio 2016,Taekwondo,Carioca Arena 3,2016-08-20,20:00:00,23:05:00,,
Rio 2016,Handball,Carioca Arena 3,2016-08-06,09:30:00,13:00:00,,
Rio 2016,Handball,Carioca Arena 3,2016-08-07,09:30:00,13:00:00,,
Rio 2016,Handball,Carioca Arena 3,2016-08-08,09:30:00,13:00:00,,
Rio 2016,Handball,Carioca Arena 3,2016-08-09,09:30:00,13:00:00,,
Rio 2016,Handball,Carioca Arena 3,2016-08-10,09:30:00,13:00:00,,
Rio 2016,Handball,Carioca Arena 3,2016-08-11,09:30:00,13:00:00,,
Rio 2016,Handball,Carioca Arena 3,2016-08-12,09:30:00,13:00:00,,
Rio 2016,Handball,Carioca Arena 3,2016-08-13,09:30:00,13:00:00,,
Rio 2016,Handball,Carioca Arena 3,2016-08-14,09:30:00,13:00:00,,
Rio 2016,Handball,Carioca Arena 3,2016-08-15,09:30:00,13:00:00,,
Rio 2016,Handball,Carioca Arena 3,2016-08-16,10:00:00,12:00:00,,
Rio 2016,Handball,Carioca Arena 3,2016-08-17,10:00:00,12:00:00,,
Rio 2016,Handball,Carioca Arena 3,2016-08-21,10:30:00,12:30:00,,
Rio 2016,Handball,Carioca Arena 3,2016-08-16,13:30:00,15:30:00,,
Rio 2016,Handball,Carioca Arena 3,2016-08-17,13:30:00,15:30:00,,
Rio 2016,Handball,Carioca Arena 3,2016-08-18,15:30:00,17:30:00,,
Rio 2016,Handball,Carioca Arena 3,2016-08-19,15:30:00,17:30:00,,
Rio 2016,Handball,Carioca Arena 3,2016-08-20,11:30:00,13:30:00,,
Rio 2016,Handball,Carioca Arena 3,2016-08-21,14:00:00,16:15:00,,
Rio 2016,Handball,Future Arena,2016-08-06,14:40:00,18:10:00,,
Rio 2016,Handball,Future Arena,2016-08-07,14:40:00,18:10:00,,
Rio 2016,Handball,Future Arena,2016-08-08,14:40:00,18:10:00,,
Rio 2016,Handball,Future Arena,2016-08-09,14:40:00,18:10:00,,
Rio 2016,Handball,Future Arena,2016-08-10,14:40:00,18:10:00,,
Rio 2016,Handball,Future Arena,2016-08-11,14:40:00,18:10:00,,
Rio 2016,Handball,Future Arena,2016-08-12,14:40:00,18:10:00,,
Rio 2016,Handball,Future Arena,2016-08-13,14:40:00,18:10:00,,
Rio 2016,Handball,Future Arena,2016-08-14,14:40:00,18:10:00,,
Rio 2016,Handball,Future Arena,2016-08-15,14:40:00,18:10:00,,
Rio 2016,Handball,Future Arena,2016-08-16,17:00:00,19:00:00,,
Rio 2016,Handball,Future Arena,2016-08-17,17:00:00,19:00:00,,
Rio 2016,Handball,Future Arena,2016-08-20,15:30:00,17:45:00,,
Rio 2016,Handball,Future Arena,2016-08-06,19:50:00,23:20:00,,
Rio 2016,Handball,Future Arena,2016-08-07,19:50:00,23:20:00,,
Rio 2016,Handball,Future Arena,2016-08-08,19:50:00,23:20:00,,
Rio 2016,Handball,Future Arena,2016-08-09,19:50:00,23:20:00,,
Rio 2016,Handball,Future Arena,2016-08-10,19:50:00,23:20:00,,
Rio 2016,Handball,Future Arena,2016-08-11,19:50:00,23:20:00,,
Rio 2016,Handball,Future Arena,2016-08-12,19:50:00,23:20:00,,
Rio 2016,Handball,Future Arena,2016-08-13,19:50:00,23:20:00,,
Rio 2016,Handball,Future Arena,2016-08-14,19:50:00,23:20:00,,
Rio 2016,Handball,Future Arena,2016-08-15,19:50:00,23:20:00,,
Rio 2016,Handball,Future Arena,2016-08-16,20:30:00,22:30:00,,
Rio 2016,Handball,Future Arena,2016-08-17,20:30:00,22:30:00,,
Rio 2016,Handball,Future Arena,2016-08-18,20:30:00,22:30:00,,
Rio 2016,Handball,Future Arena,2016-08-19,20:30:00,22:30:00,,
Rio 2016,Tennis,Central Court,2016-08-06,10:45:00,16:30:00,,
Rio 2016,Tennis,Central Court,2016-08-07,10:45:00,16:30:00,,
Rio 2016,Tennis,Central Court,2016-08-08,10:45:00,16:30:00,,
Rio 2016,Tennis,Central Court,2016-08-09,10:45:00,16:30:00,,
Rio 2016,Tennis,Central Court,2016-08-10,10:45:00,16:30:00,,
Rio 2016,Tennis,Central Court,2016-08-11,12:00:00,20:00:00,,
Rio 2016,Tennis,Central Court,2016-08-12,12:00:00,20:00:00,,
Rio 2016,Tennis,Central Court,2016-08-13,12:00:00,20:00:00,,
Rio 2016,Tennis,Central Court,2016-08-14,12:00:00,20:00:00,,
Rio 2016,Tennis,Central Court,2016-08-06,18:45:00,23:00:00,,
Rio 2016,Tennis,Central Court,2016-08-07,18:45:00,23:00:00,,
Rio 2016,Tennis,Central Court,2016-08-08,18:45:00,23:00:00,,
Rio 2016,Tennis,Central Court,2016-08-09,18:45:00,23:00:00,,
Rio 2016,Tennis,Central Court,2016-08-10,18:45:00,23:00:00,,
Rio 2016,Tennis,Court 1,2016-08-06,11:00:00,20:00:00,,
Rio 2016,Tennis,Court 1,2016-08-07,11:00:00,20:00:00,,
Rio 2016,Tennis,Court 1,2016-08-08,11:00:00,20:00:00,,
Rio 2016,Tennis,Court 1,2016-08-09,11:00:00,20:00:00,,
Rio 2016,Tennis,Court 1,2016-08-10,11:00:00,20:00:00,,
Rio 2016,Tennis,Court 1,2016-08-11,12:00:00,20:00:00,,
Rio 2016,Tennis,Court 1,2016-08-12,12:00:00,20:00:00,,
Rio 2016,Tennis,Court 1,2016-08-13,12:00:00,20:00:00,,
Rio 2016,Tennis,Court 2,2016-08-06,11:00:00,20:00:00,,
Rio 2016,Tennis,Court 2,2016-08-07,11:00:00,20:00:00,,
Rio 2016,Tennis,Court 2,2016-08-08,11:00:00,20:00:00,,
Rio 2016,Tennis,Court 2,2016-08-09,11:00:00,20:00:00,,
Rio 2016,Tennis,Court 2,2016-08-10,11:00:00,20:00:00,,
Rio 2016,Tennis,Court 2,2016-08-11,12:00:00,20:00:00,,
Rio 2016,Tennis,Courts 3-9,2016-08-06,11:00:00,20:00:00,,
Rio 2016,Tennis,Courts 3-9,2016-08-07,11:00:00,20:00:00,,
Rio 2016,Tennis,Courts 3-9,2016-08-08,11:00:00,20:00:00,,
Rio 2016,Tennis,Courts 3-9,2016-08-09,11:00:00,20:00:00,,
Rio 2016,Tennis,Courts 3-9,2016-08-10,11:00:00,20:00:00,,
Rio 2016,Golf,Olympic Golf Course,2016-08-11,07:30:00,16:00:00,,
Rio 2016,Golf,Olympic Golf Course,2016-08-12,07:30:00,16:00:00,,
Rio 2016,Golf,Olympic Golf Course,2016-08-13,07:30:00,16:00:00,,
Rio 2016,Golf,Olympic Golf Course,2016-08-14,07:00:00,15:50:00,,
Rio 2016,Golf,Olympic Golf Course,2016-08-17,07:30:00,16:00:00,,
Rio 2016,Golf,Olympic Golf Course,2016-08-18,07:30:00,16:00:00,,
Rio 2016,Golf,Olympic Golf Course,2016-08-19,07:30:00,16:00:00,,
Rio 2016,Golf,Olympic Golf Course,2016-08-20,07:00:00,15:50:00,,
Rio 2016,Gymnastics - artistic,Olympic Golf Course,2016-08-04,09:45:00,13:00:00,,
Rio 2016,Gymnastics - artistic,Olympic Golf Course,2016-08-07,09:45:00,13:00:00,,
Rio 2016,Gymnastics - artistic,Olympic Golf Course,2016-08-17,11:00:00,12:30:00,,
Rio 2016,Gymnastics - artistic,Olympic Golf Course,2016-08-03,10:30:00,13:00:00,,
Rio 2016,Gymnastics - artistic,Olympic Golf Course,2016-08-04,14:30:00,16:00:00,,
Rio 2016,Gymnastics - artistic,Olympic Golf Course,2016-08-06,10:30:00,13:00:00,,
Rio 2016,Gymnastics - artistic,Olympic Golf Course,2016-08-07,14:30:00,16:00:00,,
Rio 2016,Gymnastics - artistic,Olympic Golf Course,2016-08-08,16:00:00,18:55:00,,
Rio 2016,Gymnastics - artistic,Olympic Golf Course,2016-08-09,16:00:00,18:10:00,,
Rio 2016,Gymnastics - artistic,Olympic Golf Course,2016-08-10,16:00:00,18:45:00,,
Rio 2016,Gymnastics - artistic,Olympic Golf Course,2016-08-11,16:00:00,18:10:00,,
Rio 2016,Gymnastics - artistic,Olympic Golf Course,2016-08-14,14:00:00,17:00:00,,
Rio 2016,Gymnastics - artistic,Olympic Golf Course,2016-08-15,14:00:00,16:25:00,,
Rio 2016,Gymnastics - artistic,Olympic Golf Course,2016-08-16,14:00:00,16:15:00,,
Rio 2016,Gymnastics - artistic,Olympic Golf Course,2016-08-17,15:00:00,16:30:00,,
Rio 2016,Gymnastics - artistic,Olympic Golf Course,2016-08-03,14:30:00,17:00:00,,
Rio 2016,Gymnastics - artistic,Olympic Golf Course,2016-08-04,17:30:00,19:00:00,,
Rio 2016,Gymnastics - artistic,Olympic Golf Course,2016-08-06,14:30:00,17:00:00,,
Rio 2016,Gymnastics - artistic,Olympic Golf Course,2016-08-07,17:30:00,19:00:00,,
Rio 2016,Gymnastics - artistic,Olympic Golf Course,2016-08-03,18:30:00,21:00:00,,
Rio 2016,Gymnastics - artistic,Olympic Golf Course,2016-08-04,20:30:00,22:00:00,,
Rio 2016,Gymnastics - artistic,Olympic Golf Course,2016-08-06,18:30:00,21:00:00,,
Rio 2016,Gymnastics - artistic,Olympic Golf Course,2016-08-07,20:30:00,22:00:00,,
Rio 2016,Gymnastics - rhythmic,Rio Olympic Arena,2016-08-20,10:00:00,11:10:00,,
Rio 2016,Gymnastics - rhythmic,Rio Olympic Arena,2016-08-21,11:00:00,12:45:00,,
Rio 2016,Gymnastics - rhythmic,Rio Olympic Arena,2016-08-19,10:20:00,13:20:00,,
Rio 2016,Gymnastics - rhythmic,Rio Olympic Arena,2016-08-20,12:40:00,13:50:00,,
Rio 2016,Gymnastics - rhythmic,Rio Olympic Arena,2016-08-19,14:50:00,17:50:00,,
Rio 2016,Gymnastics - rhythmic,Rio Olympic Arena,2016-08-20,15:20:00,17:45:00,,
Rio 2016,Gymnastics - trampoline,Rio Olympic Arena,2016-08-12,14:00:00,16:40:00,,
Rio 2016,Gymnastics - trampoline,Rio Olympic Arena,2016-08-13,14:00:00,16:40:00,,
Rio 2016,Cycling - track,Rio Olympic Arena,2016-08-13,10:00:00,11:40:00,,
Rio 2016,Cycling - track,Rio Olympic Arena,2016-08-15,10:00:00,11:20:00,,
Rio 2016,Cycling - track,Rio Olympic Arena,2016-08-16,10:00:00,11:50:00,,
Rio 2016,Cycling - track,Rio Olympic Velodrome,2016-08-11,16:00:00,18:45:00,,
Rio 2016,Cycling - track,Rio Olympic Velodrome,2016-08-12,16:00:00,19:10:00,,
Rio 2016,Cycling - track,Rio Olympic Velodrome,2016-08-13,16:00:00,18:25:00,,
Rio 2016,Cycling - track,Rio Olympic Velodrome,2016-08-14,16:00:00,19:35:00,,
Rio 2016,Cycling - track,Rio Olympic Velodrome,2016-08-15,16:00:00,18:45:00,,
Rio 2016,Cycling - track,Rio Olympic Velodrome,2016-08-16,16:00:00,18:50:00,,
Rio 2016,Cycling - road time trial,Rio Olympic Velodrome,2016-08-10,08:30:00,13:20:00,,
Rio 2016,Race walk,Pontal,2016-08-12,14:30:00,16:10:00,,
Rio 2016,Race walk,Pontal,2016-08-19,08:00:00,12:20:00,,
Rio 2016,Race walk,Pontal,2016-08-19,14:30:00,16:15:00,,
Rio 2016,Weightlifting,Pontal,2016-08-07,10:00:00,14:00:00,,
Rio 2016,Weightlifting,Pontal,2016-08-08,10:00:00,14:00:00,,
Rio 2016,Weightlifting,Pontal,2016-08-09,10:00:00,14:00:00,,
Rio 2016,Weightlifting,Pontal,2016-08-10,10:00:00,14:00:00,,
Rio 2016,Weightlifting,Pontal,2016-08-12,10:00:00,14:00:00,,
Rio 2016,Weightlifting,Riocentro - Pavilion 2,2016-08-06,15:30:00,17:30:00,,
Rio 2016,Weightlifting,Riocentro - Pavilion 2,2016-08-07,15:30:00,17:30:00,,
Rio 2016,Weightlifting,Riocentro - Pavilion 2,2016-08-08,15:30:00,17:30:00,,
Rio 2016,Weightlifting,Riocentro - Pavilion 2,2016-08-09,15:30:00,17:30:00,,
Rio 2016,Weightlifting,Riocentro - Pavilion 2,2016-08-10,15:30:00,17:30:00,,
Rio 2016,Weightlifting,Riocentro - Pavilion 2,2016-08-12,15:30:00,17:30:00,,
Rio 2016,Weightlifting,Riocentro - Pavilion 2,2016-08-13,15:30:00,17:30:00,,
Rio 2016,Weightlifting,Riocentro - Pavilion 2,2016-08-14,15:30:00,17:30:00,,
Rio 2016,Weightlifting,Riocentro - Pavilion 2,2016-08-15,15:30:00,17:30:00,,
Rio 2016,Weightlifting,Riocentro - Pavilion 2,2016-08-16,15:30:00,17:30:00,,
Rio 2016,Weightlifting,Riocentro - Pavilion 2,2016-08-06,19:00:00,21:00:00,,
Rio 2016,Weightlifting,Riocentro - Pavilion 2,2016-08-07,19:00:00,21:00:00,,
Rio 2016,Weightlifting,Riocentro - Pavilion 2,2016-08-08,19:00:00,21:00:00,,
Rio 2016,Weightlifting,Riocentro - Pavilion 2,2016-08-09,19:00:00,21:00:00,,
Rio 2016,Weightlifting,Riocentro - Pavilion 2,2016-08-10,19:00:00,21:00:00,,
Rio 2016,Weightlifting,Riocentro - Pavilion 2,2016-08-12,19:00:00,21:00:00,,
Rio 2016,Weightlifting,Riocentro - Pavilion 2,2016-08-13,19:00:00,21:00:00,,
Rio 2016,Weightlifting,Riocentro - Pavilion 2,2016-08-14,19:00:00,21:00:00,,
Rio 2016,Weightlifting,Riocentro - Pavilion 2,2016-08-15,19:00:00,21:00:00,,
Rio 2016,Weightlifting,Riocentro - Pavilion 2,2016-08-16,19:00:00,21:00:00,,
Rio 2016,Table tennis,Riocentro - Pavilion 2,2016-08-06,09:00:00,12:45:00,,
Rio 2016,Table tennis,Riocentro - Pavilion 2,2016-08-07,09:00:00,12:00:00,,
Rio 2016,Table tennis,Riocentro - Pavilion 2,2016-08-08,10:00:00,14:00:00,,
Rio 2016,Table tennis,Riocentro - Pavilion 2,2016-08-09,10:00:00,14:00:00,,
Rio 2016,Table tennis,Riocentro - Pavilion 2,2016-08-10,10:00:00,12:00:00,,
Rio 2016,Table tennis,Riocentro - Pavilion 2,2016-08-11,10:00:00,12:00:00,,
Rio 2016,Table tennis,Riocentro - Pavilion 2,2016-08-12,10:00:00,13:00:00,,
Rio 2016,Table tennis,Riocentro - Pavilion 2,2016-08-13,10:00:00,13:00:00,,
Rio 2016,Table tennis,Riocentro - Pavilion 2,2016-08-14,10:00:00,13:00:00,,
Rio 2016,Table tennis,Riocentro - Pavilion 2,2016-08-15,10:00:00,13:00:00,,
Rio 2016,Table tennis,Riocentro - Pavilion 2,2016-08-16,11:00:00,14:00:00,,
Rio 2016,Table tennis,Riocentro - Pavilion 2,2016-08-17,11:00:00,14:00:00,,
Rio 2016,Table tennis,Riocentro - Pavilion 3,2016-08-06,14:30:00,17:30:00,,
Rio 2016,Table tennis,Riocentro - Pavilion 3,2016-08-07,13:30:00,16:30:00,,
Rio 2016,Table tennis,Riocentro - Pavilion 3,2016-08-08,16:00:00,18:00:00,,
Rio 2016,Table tennis,Riocentro - Pavilion 3,2016-08-09,16:00:00,18:00:00,,
Rio 2016,Table tennis,Riocentro - Pavilion 3,2016-08-12,15:00:00,18:00:00,,
Rio 2016,Table tennis,Riocentro - Pavilion 3,2016-08-13,15:00:00,18:00:00,,
Rio 2016,Table tennis,Riocentro - Pavilion 3,2016-08-14,15:00:00,18:00:00,,
Rio 2016,Table tennis,Riocentro - Pavilion 3,2016-08-15,15:00:00,18:00:00,,
Rio 2016,Table tennis,Riocentro - Pavilion 3,2016-08-06,19:00:00,22:00:00,,
Rio 2016,Table tennis,Riocentro - Pavilion 3,2016-08-07,18:00:00,22:00:00,,
Rio 2016,Table tennis,Riocentro - Pavilion 3,2016-08-08,20:30:00,22:30:00,,
Rio 2016,Table tennis,Riocentro - Pavilion 3,2016-08-09,20:30:00,22:30:00,,
Rio 2016,Table tennis,Riocentro - Pavilion 3,2016-08-10,20:30:00,22:45:00,,
Rio 2016,Table tennis,Riocentro - Pavilion 3,2016-08-11,20:30:00,22:45:00,,
Rio 2016,Table tennis,Riocentro - Pavilion 3,2016-08-12,19:30:00,22:30:00,,
Rio 2016,Table tennis,Riocentro - Pavilion 3,2016-08-13,19:30:00,22:30:00,,
Rio 2016,Table tennis,Riocentro - Pavilion 3,2016-08-14,19:30:00,22:30:00,,
Rio 2016,Table tennis,Riocentro - Pavilion 3,2016-08-15,19:30:00,22:30:00,,
Rio 2016,Table tennis,Riocentro - Pavilion 3,2016-08-16,19:30:00,22:45:00,,
Rio 2016,Table tennis,Riocentro - Pavilion 3,2016-08-17,19:30:00,22:45:00,,
Rio 2016,Badminton,Riocentro - Pavilion 3,2016-08-11,08:00:00,14:00:00,,
Rio 2016,Badminton,Riocentro - Pavilion 3,2016-08-12,08:00:00,14:00:00,,
Rio 2016,Badminton,Riocentro - Pavilion 3,2016-08-13,08:00:00,14:00:00,,
Rio 2016,Badminton,Riocentro - Pavilion 3,2016-08-14,08:00:00,13:30:00,,
Rio 2016,Badminton,Riocentro - Pavilion 3,2016-08-15,08:30:00,13:30:00,,
Rio 2016,Badminton,Riocentro - Pavilion 3,2016-08-16,08:30:00,12:30:00,,
Rio 2016,Badminton,Riocentro - Pavilion 3,2016-08-17,08:30:00,13:30:00,,
Rio 2016,Badminton,Riocentro - Pavilion 3,2016-08-18,08:30:00,13:30:00,,
Rio 2016,Badminton,Riocentro - Pavilion 3,2016-08-19,08:30:00,13:30:00,,
Rio 2016,Badminton,Riocentro - Pavilion 3,2016-08-20,08:30:00,11:00:00,,
Rio 2016,Badminton,Riocentro - Pavilion 4,2016-08-11,15:30:00,18:00:00,,
Rio 2016,Badminton,Riocentro - Pavilion 4,2016-08-12,15:30:00,18:00:00,,
Rio 2016,Badminton,Riocentro - Pavilion 4,2016-08-13,15:30:00,18:00:00,,
Rio 2016,Badminton,Riocentro - Pavilion 4,2016-08-14,15:30:00,18:00:00,,
Rio 2016,Badminton,Riocentro - Pavilion 4,2016-08-11,19:30:00,23:00:00,,
Rio 2016,Badminton,Riocentro - Pavilion 4,2016-08-12,19:30:00,23:00:00,,
Rio 2016,Badminton,Riocentro - Pavilion 4,2016-08-13,19:30:00,23:00:00,,
Rio 2016,Badminton,Riocentro - Pavilion 4,2016-08-14,19:30:00,22:30:00,,
Rio 2016,Badminton,Riocentro - Pavilion 4,2016-08-15,17:30:00,23:00:00,,
Rio 2016,Badminton,Riocentro - Pavilion 4,2016-08-16,17:30:00,23:00:00,,
Rio 2016,Boxing,Riocentro - Pavilion 4,2016-08-06,11:00:00,13:15:00,,
Rio 2016,Boxing,Riocentro - Pavilion 4,2016-08-07,11:00:00,13:30:00,,
Rio 2016,Boxing,Riocentro - Pavilion 4,2016-08-08,11:00:00,14:00:00,,
Rio 2016,Boxing,Riocentro - Pavilion 4,2016-08-09,11:00:00,13:15:00,,
Rio 2016,Boxing,Riocentro - Pavilion 4,2016-08-10,11:00:00,14:00:00,,
Rio 2016,Boxing,Riocentro - Pavilion 4,2016-08-11,11:00:00,14:00:00,,
Rio 2016,Boxing,Riocentro - Pavilion 4,2016-08-12,11:00:00,13:45:00,,
Rio 2016,Boxing,Riocentro - Pavilion 4,2016-08-13,11:00:00,14:00:00,,
Rio 2016,Boxing,Riocentro - Pavilion 4,2016-08-14,11:00:00,14:45:00,,
Rio 2016,Boxing,Riocentro - Pavilion 4,2016-08-15,11:00:00,13:15:00,,
Rio 2016,Boxing,Riocentro - Pavilion 4,2016-08-16,11:00:00,13:15:00,,
Rio 2016,Boxing,Riocentro - Pavilion 4,2016-08-17,14:00:00,17:00:00,,
Rio 2016,Boxing,Riocentro - Pavilion 4,2016-08-18,14:00:00,16:00:00,,
Rio 2016,Boxing,Riocentro - Pavilion 4,2016-08-19,14:00:00,16:30:00,,
Rio 2016,Boxing,Riocentro - Pavilion 4,2016-08-20,14:00:00,15:30:00,,
Rio 2016,Boxing,Riocentro - Pavilion 4,2016-08-21,14:00:00,16:00:00,,
Rio 2016,Boxing,Riocentro - Pavilion 6,2016-08-06,17:00:00,19:15:00,,
Rio 2016,Boxing,Riocentro - Pavilion 6,2016-08-07,17:00:00,19:30:00,,
Rio 2016,Boxing,Riocentro - Pavilion 6,2016-08-08,17:00:00,20:00:00,,
Rio 2016,Boxing,Riocentro - Pavilion 6,2016-08-09,17:00:00,19:15:00,,
Rio 2016,Boxing,Riocentro - Pavilion 6,2016-08-10,17:00:00,20:00:00,,
Rio 2016,Boxing,Riocentro - Pavilion 6,2016-08-11,17:00:00,20:00:00,,
Rio 2016,Boxing,Riocentro - Pavilion 6,2016-08-12,17:00:00,19:45:00,,
Rio 2016,Boxing,Riocentro - Pavilion 6,2016-08-13,17:00:00,20:00:00,,
Rio 2016,Boxing,Riocentro - Pavilion 6,2016-08-14,17:00:00,20:15:00,,
Rio 2016,Boxing,Riocentro - Pavilion 6,2016-08-15,17:00:00,19:45:00,,
Rio 2016,Boxing,Riocentro - Pavilion 6,2016-08-16,17:00:00,19:45:00,,
Rio 2016,Beach volleyball,COPACABANA,2016-08-06,10:00:00,13:50:00,,
Rio 2016,Beach volleyball,COPACABANA,2016-08-07,10:00:00,13:50:00,,
Rio 2016,Beach volleyball,COPACABANA,2016-08-08,10:00:00,13:50:00,,
Rio 2016,Beach volleyball,COPACABANA,2016-08-09,10:00:00,13:50:00,,
Rio 2016,Beach volleyball,COPACABANA,2016-08-10,10:00:00,13:50:00,,
Rio 2016,Beach volleyball,COPACABANA,2016-08-11,10:00:00,13:50:00,,
Rio 2016,Beach volleyball,COPACABANA,2016-08-12,11:00:00,12:50:00,,
Rio 2016,Beach volleyball,COPACABANA,2016-08-13,11:00:00,12:50:00,,
Rio 2016,Beach volleyball,COPACABANA,2016-08-06,15:30:00,19:20:00,,
Rio 2016,Beach volleyball,COPACABANA,2016-08-07,15:30:00,19:20:00,,
Rio 2016,Beach volleyball,COPACABANA,2016-08-08,15:30:00,19:20:00,,
Rio 2016,Beach volleyball,COPACABANA,2016-08-09,15:30:00,19:20:00,,
Rio 2016,Beach volleyball,COPACABANA,2016-08-10,15:30:00,19:20:00,,
Rio 2016,Beach volleyball,COPACABANA,2016-08-11,15:30:00,19:20:00,,
Rio 2016,Beach volleyball,COPACABANA,2016-08-12,15:00:00,16:50:00,,
Rio 2016,Beach volleyball,COPACABANA,2016-08-13,15:00:00,16:50:00,,
Rio 2016,Beach volleyball,Beach Volleyball Arena,2016-08-06,21:00:00,00:50:00,,
Rio 2016,Beach volleyball,Beach Volleyball Arena,2016-08-07,21:00:00,00:50:00,,
Rio 2016,Beach volleyball,Beach Volleyball Arena,2016-08-08,21:00:00,00:50:00,,
Rio 2016,Beach volleyball,Beach Volleyball Arena,2016-08-09,21:00:00,00:50:00,,
Rio 2016,Beach volleyball,Beach Volleyball Arena,2016-08-10,21:00:00,00:50:00,,
Rio 2016,Beach volleyball,Beach Volleyball Arena,2016-08-11,21:00:00,00:50:00,,
Rio 2016,Beach volleyball,Beach Volleyball Arena,2016-08-12,19:00:00,20:50:00,,
Rio 2016,Beach volleyball,Beach Volleyball Arena,2016-08-13,19:00:00,20:50:00,,
Rio 2016,Beach volleyball,Beach Volleyball Arena,2016-08-14,16:00:00,17:50:00,,
Rio 2016,Beach volleyball,Beach Volleyball Arena,2016-08-15,16:00:00,17:50:00,,
Rio 2016,Beach volleyball,Beach Volleyball Arena,2016-08-16,16:00:00,17:50:00,,
Rio 2016,Beach volleyball,Beach Volleyball Arena,2016-08-12,23:00:00,00:50:00,,
Rio 2016,Beach volleyball,Beach Volleyball Arena,2016-08-13,23:00:00,00:50:00,,
Rio 2016,Beach volleyball,Beach Volleyball Arena,2016-08-14,23:00:00,00:50:00,,
Rio 2016,Beach volleyball,Beach Volleyball Arena,2016-08-15,23:00:00,00:50:00,,
Rio 2016,Beach volleyball,Beach Volleyball Arena,2016-08-16,23:00:00,00:50:00,,
Rio 2016,Beach volleyball,Beach Volleyball Arena,2016-08-17,22:00:00,01:30:00,,
Rio 2016,Beach volleyball,Beach Volleyball Arena,2016-08-18,22:00:00,01:30:00,,
Rio 2016,Marathon swimming,Beach Volleyball Arena,2016-08-15,09:00:00,11:40:00,,
Rio 2016,Marathon swimming,Beach Volleyball Arena,2016-08-16,09:00:00,11:40:00,,
Rio 2016,Cycling - road,Fort Copacabana,2016-08-06,09:30:00,16:15:00,,
Rio 2016,Cycling - road,Fort Copacabana,2016-08-07,12:15:00,16:35:00,,
Rio 2016,Triathlon,Fort Copacabana,2016-08-18,11:00:00,13:15:00,,
Rio 2016,Triathlon,Fort Copacabana,2016-08-20,11:00:00,13:30:00,,
Rio 2016,Rowing,Fort Copacabana,2016-08-06,08:30:00,13:10:00,,
Rio 2016,Rowing,Fort Copacabana,2016-08-07,08:30:00,12:30:00,,
Rio 2016,Rowing,Fort Copacabana,2016-08-08,08:30:00,11:10:00,,
Rio 2016,Rowing,Fort Copacabana,2016-08-09,08:30:00,11:50:00,,
Rio 2016,Rowing,Fort Copacabana,2016-08-10,08:30:00,12:50:00,,
Rio 2016,Rowing,Fort Copacabana,2016-08-11,08:30:00,11:40:00,,
Rio 2016,Rowing,Fort Copacabana,2016-08-12,08:30:00,11:40:00,,
Rio 2016,Rowing,Fort Copacabana,2016-08-13,08:50:00,11:40:00,,
Rio 2016,Canoe sprint,Lagoa Stadium,2016-08-15,09:00:00,11:30:00,,
Rio 2016,Canoe sprint,Lagoa Stadium,2016-08-16,09:00:00,10:40:00,,
Rio 2016,Canoe sprint,Lagoa Stadium,2016-08-17,09:00:00,11:05:00,,
Rio 2016,Canoe sprint,Lagoa Stadium,2016-08-18,09:00:00,10:25:00,,
Rio 2016,Canoe sprint,Lagoa Stadium,2016-08-19,09:00:00,10:45:00,,
Rio 2016,Canoe sprint,Lagoa Stadium,2016-08-20,09:00:00,10:30:00,,
Rio 2016,Sailing,Marina da Glória,2016-08-08,13:00:00,15:40:00,,
Rio 2016,Sailing,Marina da Glória,2016-08-09,13:00:00,15:40:00,,
Rio 2016,Sailing,Marina da Glória,2016-08-10,13:00:00,15:35:00,,
Rio 2016,Sailing,Marina da Glória,2016-08-11,13:00:00,15:40:00,,
Rio 2016,Sailing,Marina da Glória,2016-08-12,13:00:00,15:40:00,,
Rio 2016,Sailing,Marina da Glória,2016-08-13,13:00:00,15:35:00,,
Rio 2016,Sailing,Marina da Glória,2016-08-14,13:00:00,16:45:00,,
Rio 2016,Sailing,Marina da Glória,2016-08-15,13:00:00,16:45:00,,
Rio 2016,Sailing,Marina da Glória,2016-08-16,13:00:00,16:45:00,,
Rio 2016,Sailing,Marina da Glória,2016-08-17,13:00:00,16:45:00,,
Rio 2016,Sailing,Marina da Glória,2016-08-18,13:00:00,16:45:00,,
Rio 2016,Modern pentathlon,DEODORO,2016-08-19,14:00:00,18:35:00,,
Rio 2016,Modern pentathlon,DEODORO,2016-08-20,14:00:00,18:35:00,,
Rio 2016,Rugby,Deodoro Stadium,2016-08-06,11:00:00,14:00:00,,
Rio 2016,Rugby,Deodoro Stadium,2016-08-07,11:00:00,14:00:00,,
Rio 2016,Rugby,Deodoro Stadium,2016-08-08,12:30:00,15:30:00,,
Rio 2016,Rugby,Deodoro Stadium,2016-08-09,11:00:00,14:00:00,,
Rio 2016,Rugby,Deodoro Stadium,2016-08-10,11:00:00,14:00:00,,
Rio 2016,Rugby,Deodoro Stadium,2016-08-11,12:30:00,15:30:00,,
Rio 2016,Rugby,Deodoro Stadium,2016-08-06,16:00:00,19:00:00,,
Rio 2016,Rugby,Deodoro Stadium,2016-08-07,16:00:00,19:00:00,,
Rio 2016,Rugby,Deodoro Stadium,2016-08-08,17:30:00,20:00:00,,
Rio 2016,Rugby,Deodoro Stadium,2016-08-09,16:00:00,19:00:00,,
Rio 2016,Rugby,Deodoro Stadium,2016-08-10,16:00:00,19:00:00,,
Rio 2016,Rugby,Deodoro Stadium,2016-08-11,17:30:00,20:00:00,,
Rio 2016,Basketball,Deodoro Stadium,2016-08-06,12:00:00,16:00:00,,
Rio 2016,Basketball,Deodoro Stadium,2016-08-07,12:00:00,16:00:00,,
Rio 2016,Basketball,Deodoro Stadium,2016-08-08,12:00:00,16:00:00,,
Rio 2016,Basketball,Deodoro Stadium,2016-08-09,12:15:00,14:00:00,,
Rio 2016,Basketball,Deodoro Stadium,2016-08-10,12:15:00,14:00:00,,
Rio 2016,Basketball,Deodoro Stadium,2016-08-11,12:15:00,14:00:00,,
Rio 2016,Basketball,Deodoro Stadium,2016-08-12,12:15:00,14:00:00,,
Rio 2016,Basketball,Deodoro Stadium,2016-08-13,12:15:00,14:00:00,,
Rio 2016,Basketball,Deodoro Stadium,2016-08-14,12:15:00,14:00:00,,
Rio 2016,Basketball,Deodoro Stadium,2016-08-06,17:30:00,21:30:00,,
Rio 2016,Basketball,Deodoro Stadium,2016-08-07,17:30:00,21:30:00,,
Rio 2016,Basketball,Deodoro Stadium,2016-08-08,17:30:00,21:30:00,,
Rio 2016,Basketball,Deodoro Stadium,2016-08-09,15:30:00,19:30:00,,
Rio 2016,Basketball,Deodoro Stadium,2016-08-10,15:30:00,19:30:00,,
Rio 2016,Basketball,Deodoro Stadium,2016-08-11,15:30:00,19:30:00,,
Rio 2016,Basketball,Deodoro Stadium,2016-08-12,15:30:00,19:30:00,,
Rio 2016,Basketball,Deodoro Stadium,2016-08-13,15:30:00,19:30:00,,
Rio 2016,Basketball,Deodoro Stadium,2016-08-14,15:30:00,19:30:00,,
Rio 2016,Modern pentathlon,Youth Arena,2016-08-18,10:00:00,13:00:00,,
Rio 2016,Modern pentathlon,Youth Arena,2016-08-18,14:30:00,17:30:00,,
Rio 2016,Modern pentathlon,Deodoro Aquatics Centre,2016-08-19,12:00:00,12:35:00,,
Rio 2016,Modern pentathlon,Deodoro Aquatics Centre,2016-08-20,12:00:00,12:35:00,,
Rio 2016,Equestrian - dressage,Deodoro Aquatics Centre,2016-08-10,10:00:00,16:00:00,,
Rio 2016,Equestrian - dressage,Deodoro Aquatics Centre,2016-08-11,10:00:00,16:00:00,,
Rio 2016,Equestrian - dressage,Deodoro Aquatics Centre,2016-08-12,10:00:00,16:40:00,,
Rio 2016,Equestrian - dressage,Deodoro Aquatics Centre,2016-08-15,10:00:00,13:50:00,,
Rio 2016,Equestrian - eventing,Olympic Equestrian Centre,2016-08-06,10:00:00,16:05:00,,
Rio 2016,Equestrian - eventing,Olympic Equestrian Centre,2016-08-07,10:00:00,15:55:00,,
Rio 2016,Equestrian - eventing,Olympic Equestrian Centre,2016-08-08,10:00:00,15:00:00,,
Rio 2016,Equestrian - eventing,Olympic Equestrian Centre,2016-08-09,10:00:00,15:25:00,,
Rio 2016,Equestrian - jumping,Olympic Equestrian Centre,2016-08-14,10:00:00,13:40:00,,
Rio 2016,Equestrian - jumping,Olympic Equestrian Centre,2016-08-16,10:00:00,13:30:00,,
Rio 2016,Equestrian - jumping,Olympic Equestrian Centre,2016-08-17,10:00:00,12:45:00,,
Rio 2016,Equestrian - jumping,Olympic Equestrian Centre,2016-08-19,10:00:00,14:40:00,,
Rio 2016,Shooting - Rifle & Pistol,Olympic Equestrian Centre,2016-08-06,08:30:00,16:30:00,,
Rio 2016,Shooting - Rifle & Pistol,Olympic Equestrian Centre,2016-08-07,09:00:00,12:00:00,,
Rio 2016,Shooting - Rifle & Pistol,Olympic Equestrian Centre,2016-08-08,09:00:00,13:00:00,,
Rio 2016,Shooting - Rifle & Pistol,Olympic Equestrian Centre,2016-08-09,09:00:00,16:45:00,,
Rio 2016,Shooting - Rifle & Pistol,Olympic Equestrian Centre,2016-08-10,09:00:00,13:30:00,,
Rio 2016,Shooting - Rifle & Pistol,Olympic Equestrian Centre,2016-08-11,09:00:00,13:30:00,,
Rio 2016,Shooting - Rifle & Pistol,Olympic Equestrian Centre,2016-08-12,09:00:00,14:30:00,,
Rio 2016,Shooting - Rifle & Pistol,Olympic Equestrian Centre,2016-08-13,09:00:00,13:45:00,,
Rio 2016,Shooting - Rifle & Pistol,Olympic Equestrian Centre,2016-08-14,09:00:00,14:30:00,,
Rio 2016,Shooting - Shotgun,Olympic Shooting Centre,2016-08-07,09:00:00,16:30:00,,
Rio 2016,Shooting - Shotgun,Olympic Shooting Centre,2016-08-08,09:30:00,16:30:00,,
Rio 2016,Shooting - Shotgun,Olympic Shooting Centre,2016-08-10,09:00:00,16:30:00,,
Rio 2016,Shooting - Shotgun,Olympic Shooting Centre,2016-08-12,09:00:00,16:30:00,,
Rio 2016,Shooting - Shotgun,Olympic Shooting Centre,2016-08-13,09:30:00,16:30:00,,
Rio 2016,Cycling - BMX,Olympic BMX Centre,2016-08-17,13:30:00,15:25:00,,
Rio 2016,Cycling - BMX,Olympic BMX Centre,2016-08-18,13:30:00,14:35:00,,
Rio 2016,Cycling - BMX,Olympic BMX Centre,2016-08-19,13:30:00,15:45:00,,
Rio 2016,Cycling - mountain bike,Mountain Bike Centre,2016-08-20,12:30:00,14:30:00,,
Rio 2016,Cycling - mountain bike,Mountain Bike Centre,2016-08-21,12:30:00,14:30:00,,
Rio 2016,Canoe slalom,Whitewater Stadium,2016-08-07,12:30:00,16:15:00,,
Rio 2016,Canoe slalom,Whitewater Stadium,2016-08-08,12:30:00,15:55:00,,
Rio 2016,Canoe slalom,Whitewater Stadium,2016-08-09,13:30:00,16:10:00,,
Rio 2016,Canoe slalom,Whitewater Stadium,2016-08-10,13:30:00,16:15:00,,
Rio 2016,Canoe slalom,Whitewater Stadium,2016-08-11,12:30:00,16:00:00,,
Rio 2016,Hockey,Hockey pitch 1,2016-08-06,10:00:00,14:15:00,,
Rio 2016,Hockey,Hockey pitch 1,2016-08-07,10:00:00,14:15:00,,
Rio 2016,Hockey,Hockey pitch 1,2016-08-08,10:00:00,14:15:00,,
Rio 2016,Hockey,Hockey pitch 1,2016-08-09,10:00:00,14:15:00,,
Rio 2016,Hockey,Hockey pitch 1,2016-08-10,10:00:00,14:15:00,,
Rio 2016,Hockey,Hockey pitch 1,2016-08-11,10:00:00,14:15:00,,
Rio 2016,Hockey,Hockey pitch 1,2016-08-12,10:00:00,14:15:00,,
Rio 2016,Hockey,Hockey pitch 1,2016-08-13,10:00:00,14:15:00,,
Rio 2016,Hockey,Hockey pitch 1,2016-08-14,10:00:00,14:45:00,,
Rio 2016,Hockey,Hockey pitch 1,2016-08-15,10:00:00,14:45:00,,
Rio 2016,Hockey,Hockey pitch 1,2016-08-16,12:00:00,14:15:00,,
Rio 2016,Hockey,Hockey pitch 1,2016-08-17,12:00:00,14:15:00,,
Rio 2016,Hockey,Hockey pitch 1,2016-08-18,12:00:00,14:15:00,,
Rio 2016,Hockey,Hockey pitch 1,2016-08-19,12:00:00,14:15:00,,
Rio 2016,Hockey,Hockey pitch 1,2016-08-06,18:00:00,22:15:00,,
Rio 2016,Hockey,Hockey pitch 1,2016-08-07,18:00:00,22:15:00,,
Rio 2016,Hockey,Hockey pitch 1,2016-08-08,18:00:00,22:15:00,,
Rio 2016,Hockey,Hockey pitch 1,2016-08-09,18:00:00,22:15:00,,
Rio 2016,Hockey,Hockey pitch 1,2016-08-10,18:00:00,22:15:00,,
Rio 2016,Hockey,Hockey pitch 1,2016-08-11,18:00:00,22:15:00,,
Rio 2016,Hockey,Hockey pitch 1,2016-08-12,18:00:00,22:15:00,,
Rio 2016,Hockey,Hockey pitch 1,2016-08-13,18:00:00,22:15:00,,
Rio 2016,Hockey,Hockey pitch 1,2016-08-14,18:00:00,22:45:00,,
Rio 2016,Hockey,Hockey pitch 1,2016-08-15,18:00:00,22:45:00,,
Rio 2016,Hockey,Hockey pitch 1,2016-08-16,17:00:00,19:15:00,,
Rio 2016,Hockey,Hockey pitch 1,2016-08-17,17:00:00,19:15:00,,
Rio 2016,Hockey,Hockey pitch 1,2016-08-18,17:00:00,19:30:00,,
Rio 2016,Hockey,Hockey pitch 1,2016-08-19,17:00:00,19:30:00,,
Rio 2016,Hockey,Hockey pitch 2,2016-08-06,11:00:00,15:15:00,,
Rio 2016,Hockey,Hockey pitch 2,2016-08-07,11:00:00,15:15:00,,
Rio 2016,Hockey,Hockey pitch 2,2016-08-08,11:00:00,15:15:00,,
Rio 2016,Hockey,Hockey pitch 2,2016-08-09,11:00:00,15:15:00,,
Rio 2016,Hockey,Hockey pitch 2,2016-08-10,11:00:00,15:15:00,,
Rio 2016,Hockey,Hockey pitch 2,2016-08-11,11:00:00,15:15:00,,
Rio 2016,Hockey,Hockey pitch 2,2016-08-12,11:00:00,15:15:00,,
Rio 2016,Hockey,Hockey pitch 2,2016-08-06,17:00:00,21:15:00,,
Rio 2016,Hockey,Hockey pitch 2,2016-08-07,17:00:00,21:15:00,,
Rio 2016,Hockey,Hockey pitch 2,2016-08-08,17:00:00,21:15:00,,
Rio 2016,Hockey,Hockey pitch 2,2016-08-10,17:00:00,21:15:00,,
Rio 2016,Hockey,Hockey pitch 2,2016-08-11,17:00:00,21:15:00,,
Rio 2016,Hockey,Hockey pitch 2,2016-08-12,17:00:00,21:15:00,,
Rio 2016,Hockey,Hockey pitch 2,2016-08-13,17:00:00,21:15:00,,
Rio 2016,Athletics,MARACANÃ,2016-08-12,09:30:00,13:10:00,"Discus Throw M Q A / 100m H Hep W / Shot Put W Q A+B / 800m M R1 / High Jump Hep W A+B / Discus Throw M Q B / 10,000m W Final / 100m W Pr / 10,000m W MC",
Rio 2016,Athletics,MARACANÃ,2016-08-13,09:30:00,12:50:00,100m M Pr / Triple Jump W Q A+B / 3000m SC W R1 / Discus Throw M Final / 400m W R1 / Long Jump Hep W A+B / 100m M R1 / Discus Throw M MC,
Rio 2016,Athletics,MARACANÃ,2016-08-15,09:30:00,12:10:00,Triple Jump M Q A+B / 200m W R1 / 3000m SC M R1 / Hammer Throw W Final / 3000m SC W Final / 400m H M R1 / 3000m SC W MC,
Rio 2016,Athletics,MARACANÃ,2016-08-16,09:30:00,12:40:00,5000m W R1 / Pole Vault W Q A+B / Triple Jump M Final / 1500m M R1 / 100m H W R1 / Discus Throw W Final / 200m M R1 / Triple Jump M MC,
Rio 2016,Athletics,MARACANÃ,2016-08-17,09:30:00,13:05:00,100m Dec M / Hammer Throw M Q A / 5000m M R1 / Long Jump Dec M A+B / 800m W R1 / Hammer Throw M Q B / 3000m SC M Final / Shot Put Dec M A+B,
Rio 2016,Athletics,MARACANÃ,2016-08-18,09:30:00,16:25:00,110m H Dec M / Shot Put M Q A+B / High Jump W Q A+B / Discus Throw Dec M A / 4 x 100m Relay W R1 / 4 x 100m Relay M R1 / Discus Throw Dec M B / 400m H M Final / Pole Vault Dec M A+B,
Rio 2016,Athletics,Olympic Stadium,2016-08-12,20:20:00,23:25:00,20km RW M MC / 1500m W R1 / Shot Put Hep W A+B / Hammer Throw W Q A / 400m M R1 / Long Jump M Q A+B / Shot Put W Final / 200m Hep W / Hammer Throw W Q B / 100m W R1,
Rio 2016,Athletics,Olympic Stadium,2016-08-13,20:00:00,23:15:00,"Javelin Throw Hep W A / Shot Put W MC / Pole Vault M Q A+B / 400m M SF / Long Jump M Final / 100m W SF / Javelin Throw Hep W B / 10,000m M Final / 800m M SF / 100m W Final / 10,000m M MC / 800m Hep W Final",
Rio 2016,Athletics,Olympic Stadium,2016-08-14,20:20:00,22:30:00,Long Jump M MC / High Jump M Q A+B / 400m W SF / Triple Jump W Final / 100m M SF / 100m W MC / 1500m W SF / 400m M Final / Heptathlon W MC / 100m M Final,
Rio 2016,Athletics,Olympic Stadium,2016-08-15,20:15:00,22:50:00,400m M MC / Triple Jump W MC / Discus Throw W Q A / Pole Vault M Final / 110m H M R1 / 100m M MC / 400mH W R1 / Discus Throw W Q B / 800m M Final / Hammer Throw W MC / 400m W Final,
Rio 2016,Athletics,Olympic Stadium,2016-08-16,20:15:00,22:50:00,800m M MC / 400m W MC / High Jump M Final / Javelin Throw W Q A / 110m H M SF / Pole Vault M MC / Long Jump W Q A+B / 400m H W SF / 400m H M SF / Javelin Throw W Q B / 200m W SF / 1500m W Final / Discus Throw W MC / 110m H M Final,
Rio 2016,Athletics,Olympic Stadium,2016-08-17,17:45:00,23:05:00,High Jump Dec M A+B / High Jump M MC / Javelin Throw M Q A / 100m H W SF / 1500m W MC / Long Jump W Final / 400m Dec M / Javelin Throw M Q B / 200m M SF / 200m W Final / 110m H M MC / 100m H W Final / 3000m SC M MC,
Rio 2016,Athletics,Olympic Stadium,2016-08-18,18:35:00,22:35:00,Javelin Throw Dec M A / Long Jump W MC / 100m H W MC / Javelin Throw Dec M B / 200m W MC / Shot Put M Final / 1500m M SF / 400m H M MC / Javelin Throw W Final / 800m W SF / 1500m Dec M Final / 400m H W Final / Shot Put M MC / 200m M Final,
Rio 2016,Athletics,Olympic Stadium,2016-08-19,20:10:00,22:45:00,50km RW M MC / 20km RW W MC / 200m M MC / Pole Vault W Final / 4 x 400m Relay W R1 / Decathlon M MC / Hammer Throw M Final / 4 x 400m Relay M R1 / Javelin Throw W MC / 5000m W Final / 4 x 100m Relay W Final / 400m H W MC / 4 x 100m Relay M Final / 5000m W MC,
Rio 2016,Athletics,Olympic Stadium,2016-08-20,20:10:00,23:00:00,Hammer Throw M MC / Pole Vault W MC / 4 x 100m Relay W MC / High Jump W Final / 4 x 100m Relay M MC / Javelin Throw M Final / 1500m M Final / 800m W Final / 5000m M Final / 800m W MC / 4 x 400m Relay W Final / 1500m M MC / 5000m M MC / 4 x 400m Relay M Final / Javelin Throw M MC / High Jump W MC / 4 x 400m Relay W MC / 4 x 400m Relay M MC,
Rio 2016,Football,Olympic Stadium,2016-08-03,13:00:00,18:00:00,,
Rio 2016,Football,Olympic Stadium,2016-08-04,15:00:00,20:00:00,,
Rio 2016,Football,Olympic Stadium,2016-08-06,19:00:00,00:00:00,,
Rio 2016,Football,Olympic Stadium,2016-08-07,15:00:00,20:00:00,,
Rio 2016,Football,Maracanã,2016-08-16,13:00:00,15:00:00,,
Rio 2016,Football,Maracanã,2016-08-17,13:00:00,15:00:00,,
Rio 2016,Football,Maracanã,2016-08-19,17:30:00,20:00:00,,
Rio 2016,Football,Maracanã,2016-08-20,17:30:00,20:00:00,,
Rio 2016,Volleyball,Maracanã,2016-08-16,10:00:00,12:00:00,,
Rio 2016,Volleyball,Maracanã,2016-08-17,10:00:00,12:00:00,,
Rio 2016,Volleyball,Maracanã,2016-08-21,09:30:00,11:30:00,,
Rio 2016,Volleyball,Maracanã,2016-08-06,09:30:00,13:20:00,,
Rio 2016,Volleyball,Maracanã,2016-08-07,09:30:00,13:20:00,,
Rio 2016,Volleyball,Maracanã,2016-08-08,09:30:00,13:20:00,,
Rio 2016,Volleyball,Maracanã,2016-08-09,09:30:00,13:20:00,,
Rio 2016,Volleyball,Maracanã,2016-08-10,09:30:00,13:20:00,,
Rio 2016,Volleyball,Maracanã,2016-08-11,09:30:00,13:20:00,,
Rio 2016,Volleyball,Maracanã,2016-08-12,09:30:00,13:20:00,,
Rio 2016,Volleyball,Maracanã,2016-08-13,09:30:00,13:20:00,,
Rio 2016,Volleyball,Maracanã,2016-08-14,09:30:00,13:20:00,,
Rio 2016,Volleyball,Maracanã,2016-08-15,09:30:00,13:20:00,,
Rio 2016,Volleyball,Maracanã,2016-08-16,14:00:00,16:00:00,,
Rio 2016,Volleyball,Maracanã,2016-08-17,14:00:00,16:00:00,,
Rio 2016,Volleyball,Maracanã,2016-08-21,13:15:00,15:30:00,,
Rio 2016,Volleyball,Maracanãzinho,2016-08-06,15:00:00,18:50:00,,
Rio 2016,Volleyball,Maracanãzinho,2016-08-07,15:00:00,18:50:00,,
Rio 2016,Volleyball,Maracanãzinho,2016-08-08,15:00:00,18:50:00,,
Rio 2016,Volleyball,Maracanãzinho,2016-08-09,15:00:00,18:50:00,,
Rio 2016,Volleyball,Maracanãzinho,2016-08-10,15:00:00,18:50:00,,
Rio 2016,Volleyball,Maracanãzinho,2016-08-11,15:00:00,18:50:00,,
Rio 2016,Volleyball,Maracanãzinho,2016-08-12,15:00:00,18:50:00,,
Rio 2016,Volleyball,Maracanãzinho,2016-08-13,15:00:00,18:50:00,,
Rio 2016,Volleyball,Maracanãzinho,2016-08-14,15:00:00,18:50:00,,
Rio 2016,Volleyball,Maracanãzinho,2016-08-15,15:00:00,18:50:00,,
Rio 2016,Volleyball,Maracanãzinho,2016-08-16,18:00:00,20:00:00,,
Rio 2016,Volleyball,Maracanãzinho,2016-08-17,18:00:00,20:00:00,,
Rio 2016,Volleyball,Maracanãzinho,2016-08-18,13:00:00,15:00:00,,
Rio 2016,Volleyball,Maracanãzinho,2016-08-19,13:00:00,15:00:00,,
Rio 2016,Volleyball,Maracanãzinho,2016-08-20,13:00:00,15:00:00,,
Rio 2016,Volleyball,Maracanãzinho,2016-08-06,20:30:00,00:20:00,,
Rio 2016,Volleyball,Maracanãzinho,2016-08-07,20:30:00,00:20:00,,
Rio 2016,Volleyball,Maracanãzinho,2016-08-08,20:30:00,00:20:00,,
Rio 2016,Volleyball,Maracanãzinho,2016-08-09,20:30:00,00:20:00,,
Rio 2016,Volleyball,Maracanãzinho,2016-08-10,20:30:00,00:20:00,,
Rio 2016,Volleyball,Maracanãzinho,2016-08-11,20:30:00,00:20:00,,
Rio 2016,Volleyball,Maracanãzinho,2016-08-12,20:30:00,00:20:00,,
Rio 2016,Volleyball,Maracanãzinho,2016-08-13,20:30:00,00:20:00,,
Rio 2016,Volleyball,Maracanãzinho,2016-08-14,20:30:00,00:20:00,,
Rio 2016,Volleyball,Maracanãzinho,2016-08-15,20:30:00,00:20:00,,
Rio 2016,Volleyball,Maracanãzinho,2016-08-16,22:15:00,00:15:00,,
Rio 2016,Volleyball,Maracanãzinho,2016-08-17,22:15:00,00:15:00,,
Rio 2016,Volleyball,Maracanãzinho,2016-08-18,22:15:00,00:15:00,,
Rio 2016,Volleyball,Maracanãzinho,2016-08-19,22:15:00,00:15:00,,
Rio 2016,Volleyball,Maracanãzinho,2016-08-20,22:15:00,00:30:00,,
Rio 2016,Archery,Maracanãzinho,2016-08-05,09:00:00,11:00:00,,
Rio 2016,Archery,Maracanãzinho,2016-08-06,09:00:00,10:40:00,,
Rio 2016,Archery,Maracanãzinho,2016-08-07,09:00:00,10:40:00,,
Rio 2016,Archery,Maracanãzinho,2016-08-08,09:00:00,12:55:00,,
Rio 2016,Archery,Maracanãzinho,2016-08-09,09:00:00,12:55:00,,
Rio 2016,Archery,Maracanãzinho,2016-08-10,09:00:00,12:55:00,,
Rio 2016,Archery,Maracanãzinho,2016-08-11,09:00:00,10:45:00,,
Rio 2016,Archery,Maracanãzinho,2016-08-12,09:00:00,10:45:00,,
Rio 2016,Archery,Maracanãzinho,2016-08-05,13:00:00,15:00:00,,
Rio 2016,Archery,Maracanãzinho,2016-08-06,14:00:00,17:45:00,,
Rio 2016,Archery,Maracanãzinho,2016-08-07,14:00:00,17:45:00,,
Rio 2016,Archery,Maracanãzinho,2016-08-08,15:00:00,17:40:00,,
Rio 2016,Archery,Maracanãzinho,2016-08-09,15:00:00,17:40:00,,
Rio 2016,Archery,Maracanãzinho,2016-08-10,15:00:00,18:55:00,,
Rio 2016,Archery,Maracanãzinho,2016-08-11,15:00:00,17:10:00,,
Rio 2016,Archery,Maracanãzinho,2016-08-12,15:00:00,17:10:00,,
Rio 2016,Athletics - marathon,Sambódromo,2016-08-14,09:30:00,12:45:00,,
Rio 2016,Athletics - marathon,Sambódromo,2016-08-21,09:30:00,12:15:00,,
Rio 2016,Football,FOOTBALL CITIES,2016-08-04,13:00:00,18:00:00,,
Rio 2016,Football,FOOTBALL CITIES,2016-08-07,19:00:00,00:00:00,,
Rio 2016,Football,FOOTBALL CITIES,2016-08-09,16:00:00,18:00:00,,
Rio 2016,Football,FOOTBALL CITIES,2016-08-10,13:00:00,18:00:00,,
Rio 2016,Football,FOOTBALL CITIES,2016-08-12,13:00:00,15:00:00,,
Rio 2016,Football,FOOTBALL CITIES,2016-08-13,13:00:00,15:00:00,,
Rio 2016,Football,Mané Garrincha Stadium,2016-08-09,22:00:00,00:00:00,,
Rio 2016,Football,Amazônia Arena *,2016-08-04,18:00:00,23:00:00,,
Rio 2016,Football,Amazônia Arena *,2016-08-07,18:00:00,23:00:00,,
Rio 2016,Football,Amazônia Arena *,2016-08-09,18:00:00,23:00:00,,
Rio 2016,Football,Fonte Nova Arena,2016-08-04,17:00:00,22:00:00,,
Rio 2016,Football,Fonte Nova Arena,2016-08-07,13:00:00,18:00:00,,
Rio 2016,Football,Fonte Nova Arena,2016-08-09,16:00:00,21:00:00,,
Rio 2016,Football,Fonte Nova Arena,2016-08-10,19:00:00,00:00:00,,
Rio 2016,Football,Fonte Nova Arena,2016-08-12,16:00:00,18:00:00,,
Rio 2016,Football,Fonte Nova Arena,2016-08-13,16:00:00,18:00:00,,
Rio 2016,Football,Corinthians Arena,2016-08-03,15:00:00,20:00:00,,
Rio 2016,Football,Corinthians Arena,2016-08-06,15:00:00,20:00:00,,
Rio 2016,Football,Corinthians Arena,2016-08-10,19:00:00,00:00:00,,
Rio 2016,Football,Corinthians Arena,2016-08-12,19:00:00,21:00:00,,
Rio 2016,Football,Corinthians Arena,2016-08-13,22:00:00,00:00:00,,
Rio 2016,Football,Corinthians Arena,2016-08-17,16:00:00,18:00:00,,
Rio 2016,Football,Corinthians Arena,2016-08-19,13:00:00,15:30:00,,
Rio 2016,Football,Mineirão,2016-08-03,19:00:00,00:00:00,,
Rio 2016,Football,Mineirão,2016-08-06,17:00:00,22:00:00,,
Rio 2016,Football,Mineirão,2016-08-10,13:00:00,18:00:00,,
Rio 2016,Football,Mineirão,2016-08-12,22:00:00,00:00:00,,
Rio 2016,Football,Mineirão,2016-08-13,19:00:00,21:00:00,,
Rio 2016,Football,Mineirão,2016-08-16,16:00:00,18:00:00,,
Rio 2016,Football,Mineirão,2016-08-20,13:00:00,15:30:00,,
